,Shape_Elongation,Shape_MajorAxisLength,Shape_MaximumDiameter,Shape_MeshSurface,Shape_MinorAxisLength,Shape_Perimeter,Shape_PerimeterSurfaceRatio,Shape_PixelSurface,Shape_Sphericity
0d8fc33c55f2f6af87ee3bd16614e208_R_CC.nii.gz,0.4723050845862713,30.124686543944783,31.144823004794873,330.5,14.22804262627275,79.35533905932739,0.2401069260494021,331.0,0.8121093531587739
0f19f51df3ae39481f0a88d5b17b8499_R_CC.nii.gz,0.3678259410278797,51.18465629733811,52.08646657242167,716.5,18.827044368756976,135.7401153701778,0.18944887002118324,717.0,0.6990444876327632
0fab8097f55f21d4bfa7667250122312_L_CC.nii.gz,0.29725967455323166,81.83309651751449,83.21658488546619,1472.5,24.325679638479553,219.68124086713243,0.14918929770263661,1473.0,0.6192123515713821
014d843f13a9d86fec945664e2541fe6_R_CC.nii.gz,0.40412116916472374,33.622039971045346,34.52535300326414,356.5,13.587378102801917,86.76955262170048,0.24339285447882325,357.0,0.7713781640868395
02c9621d5af7d0485e20c071f605678c_R_CC.nii.gz,0.40290517021778377,24.557329935221702,23.769728648009426,186.5,9.894275197644777,59.7989898732233,0.32063801540602305,187.0,0.809562722351587
07a0dbae70b94afb01313eeeeaaef9ac_R_CC.nii.gz,0.3317417959137087,48.14531332994591,47.265209192385896,595.5,15.971812708904478,113.11269837220816,0.18994575713217154,596.0,0.7647763548078217
0910d9262da2398810b2f2bc32b77088_L_CC.nii.gz,0.5264687284522356,49.34106994046686,49.16299421312742,999.0,25.976530352030412,139.39696961967022,0.13953650612579602,1000.0,0.8037747212296321
0928a31ce88182b08f89a6aa72354037_L_CC.nii.gz,0.6512878601870564,24.91275125049255,25.96150997149434,314.5,16.225372453305706,72.87005768508877,0.23170129629598973,315.0,0.862712605136538
1e2b0ce2c5a93c643834c98803e6ac2d_L_CC.nii.gz,0.17330698042525977,134.94022720949656,94.02127418834527,636.0,23.386083315576325,154.8111831820433,0.24341381003465926,637.0,0.5774723040047328
1fe77db1e47d9133c2bc799fc2e3c4ba_L_CC.nii.gz,0.4259806382739682,49.405486476771536,47.07440918375928,807.5,21.045780663611044,122.76955262170057,0.1520365976739326,808.0,0.8205131095080382
2b48f13688211af161ca5880d9fcaec3_R_CC.nii.gz,0.5101794270559816,78.34047290325272,82.76472678623425,2383.5,39.96769758107613,229.09545442950548,0.09611724540780595,2384.0,0.7554331486136339
2c90542f6f10926cde501ebd8de7c3c3_R_CC.nii.gz,0.4148254996037057,22.560085660603153,23.08679276123039,163.5,9.3584988052621,58.28427124746186,0.35647872322606644,164.0,0.7777006104180645
2cae5c9d4a922766fd01dd69a004ea5c_L_CC.nii.gz,0.6654807366937603,53.15587279893629,52.839379254491625,1449.5,35.37420938983594,153.43860018001294,0.10585622640911552,1450.0,0.8795882396400801
2df4404b9c286ec49851d4261faec924_R_CC.nii.gz,0.5880106023515124,18.377846683904586,18.027756377319946,151.5,10.806368698526478,51.55634918610403,0.3403059352218088,152.0,0.8463092584016023
2e1f57baf6e3e742404c401b0999cadb_R_CC.nii.gz,0.44409200265965704,83.07516023176689,83.81527307120105,2299.5,36.89301427859725,223.6812408671324,0.09727385991177752,2300.0,0.7599623475960217
2fe156e5ce59814559b0a9f01de006df_L_CC.nii.gz,0.4908714061485331,93.93771154666717,100.2845950283492,3322.5,46.11133655728781,272.3502884254449,0.0819714938827524,3323.0,0.7502561900276329
3b9d3e9aa2fcdefd74d4cbfb496694b4_R_CC.nii.gz,0.5518011973491759,59.84020691362683,60.67124524847005,1521.5,33.01989782456172,162.12489168102815,0.10655595904109638,1522.0,0.8528864435129491
4e6f6c5e70433a176643f635747a328d_L_CC.nii.gz,0.3327459203782478,28.204424252950485,29.068883707497267,205.5,9.384907106786583,70.62741699796948,0.34368572748403636,206.0,0.7195111388430016
4fc011ee4b49040648fdd2d3dcf883c3_R_CC.nii.gz,0.38686129260275454,33.07139793227067,30.265491900843113,302.5,12.794043752258295,85.0121933088198,0.28103204399609855,303.0,0.7252477671809542
5babce4b963ba18124477ce11d284ac6_L_CC.nii.gz,0.2968202217295839,127.7467746065424,84.86459803710851,1001.0,37.91782596395309,199.0954544295054,0.19889655787163377,1002.0,0.5633270762309538
5f97a8ee0bc7b1ffb941035bc5291db8_L_CC.nii.gz,0.49980318266926027,135.38349479275684,147.52626884728022,6926.5,67.66510157830709,421.8061325481609,0.06089744207726282,6927.0,0.69943757833935
5fb086552ff0566a7ba0fba65d5c4823_L_CC.nii.gz,0.3370119033827233,142.62464282027167,123.22743201089601,1845.0,48.06620234614082,261.9238815542517,0.14196416344403887,1846.0,0.5813370723491785
6adbb464cba25c728e2d6c29ee9ee1bc_L_CC.nii.gz,0.4712653661428428,42.36874307261773,43.01162633521314,660.5,19.96692121712923,109.15432893255084,0.16526014978433132,661.0,0.8346422766337387
6d75446a6406fc669f3464543b8f7893_L_CC.nii.gz,0.30995997409983345,78.47832715053488,80.50465825031493,1432.5,24.325140250978045,204.26702730475938,0.14259478345881982,1433.0,0.6568315096457717
7bb82359496060cc5af7fd939e760ff5_L_CC.nii.gz,0.6135383280240835,12.979314110793393,13.341664064126334,80.5,7.963306678435573,35.556349186104036,0.44169377870936694,81.0,0.8945110495249815
7c49a0d284532fa3e537ac87991c9608_L_CC.nii.gz,0.4200349619714371,23.428046558256412,24.08318915758459,176.5,9.84059864516229,60.041630560342576,0.34017920997361234,177.0,0.7843769248871433
7f0eb50793a773fb4bddaeff7e3c7c14_L_CC.nii.gz,0.5527639803415553,35.53548408793216,35.510561809129406,519.5,19.642735627809383,100.32590180780463,0.19312011897556233,520.0,0.8053499494424777
8dd986e8174fc84c2a984e66a416ff9f_R_CC.nii.gz,0.40094724309784696,122.51443454245013,118.37651794169315,4467.5,49.12182476948701,314.0071426749373,0.07028699332399269,4468.0,0.7545667873374726
8e30fe5fbe424206c9f57ce26f80f6c2_R_CC.nii.gz,0.507235806055492,49.34564557609409,50.00999900019995,965.5,25.029878309118715,128.08326112068536,0.132660032232714,966.0,0.8599806796267334
8f447c29a7aa0c5aa2b8e8a852b01560_L_CC.nii.gz,0.5360895010192511,26.29590004180542,26.476404589747453,289.5,14.096955932263574,69.45584412271567,0.23991656000938058,290.0,0.8684012146092649
9a6f70ccba8034a3d658f88677e4b553_L_CC.nii.gz,0.3753058882152297,37.4907627082634,37.656340767525464,409.5,14.070503998091205,90.76955262170051,0.22165946916166182,410.0,0.7902994689804066
9bb21300e3a92937024437cacc180158_R_CC.nii.gz,0.3631901495048704,75.63296890015089,75.0066663703967,1521.0,27.469149282343015,234.30865786510202,0.15404908472393294,1522.0,0.5900396580745446
9fe8e9aef78ad365197d8f6ee0fdb932_R_CC.nii.gz,0.4349245615762949,63.07309168258446,61.29437168288782,1330.5,27.432036747309496,157.98275605729714,0.1187393882429892,1331.0,0.8184698492019185
21fddc967eb5a31695a60d4bb075df7a_R_CC.nii.gz,0.3936717030114841,23.797931560642226,23.345235059857504,170.5,9.368572245628771,58.970562748477114,0.34586840321687456,171.0,0.7849316688161131
27d4dc70d6f73554e4ead70f01867167_R_CC.nii.gz,0.395897469743527,50.11252608538098,51.088159097779204,767.5,19.839422279658823,125.25483399593918,0.16319848077646798,768.0,0.7840605960151582
27de4919323355abc9dc92603fdb5df2_L_CC.nii.gz,0.7911137228117177,10.870039647649227,11.40175425099138,72.5,8.599437532762753,33.556349186104036,0.4628461956704005,73.0,0.8994959873448779
46ab23ec866810a4212c33db471153a2_R_CC.nii.gz,0.511825482743868,50.68440952742465,49.47726750741192,1020.5,25.94157237396202,132.9116882454316,0.13024173272457776,1021.0,0.8520170037379144
55d4e23fef777c307e27b9661c0da578_L_CC.nii.gz,0.37055775575336525,90.70397832188236,86.20904824900923,2366.5,33.61106264485862,214.81118318204346,0.09077168104037332,2367.0,0.8027887895439887
65b8c8d3af382a51b3c8465be1f6f06e_L_CC.nii.gz,0.5268232063441207,46.886809973434715,47.095647357266465,892.5,24.701059565452375,126.08326112068542,0.1412697603593114,893.0,0.839946473708081
100d1197bd368737356f1da7fc270ae4_R_CC.nii.gz,0.30833582711904545,26.42080530434705,27.16615541441225,162.5,8.146480856667111,64.28427124746186,0.39559551536899606,163.0,0.7029539728247866
443af8de1a0d47fe93e88ee1e4dfac8e_R_CC.nii.gz,0.5089138258913818,40.52296118812375,40.44749683231337,637.5,20.622695214696034,105.59797974644677,0.16564388979834788,638.0,0.8475970119514281
540ab71b28752c3e279be9bad638df79_L_CC.nii.gz,0.3364028301785539,55.24476245231644,55.14526271584895,732.5,18.584494441501153,143.29646455628188,0.19562657277308107,733.0,0.6695349788577936
543d36c1e4f0957fddd46c3078f21c93_R_CC.nii.gz,0.48998327741706854,51.0749806671641,49.25444142409901,988.5,25.025886421310478,132.3259018078047,0.13386535337157784,989.0,0.8422643256715396
775b952222e22629c94c0fa606118ab6_L_CC.nii.gz,0.5510911645565933,124.96323715860915,128.75169901791588,6679.5,68.86613589249967,349.1198410471456,0.05226736148621088,6680.0,0.8298553112778546
833dc428ac55ef017ea9d238cc9a841b_L_CC.nii.gz,0.31688755731308293,86.7191059641977,85.70880934886448,1846.5,27.48020566136901,210.2670273047593,0.11387328854847512,1847.0,0.7244499940455791
866f5f71f7cecc04d6353c3758c292e3_L_CC.nii.gz,0.537084162625598,41.90642952868837,41.0,734.5,22.50727961204423,110.66904755831223,0.15067263112091522,735.0,0.8681098015796261
917a4de3b1f921f1c9fa98b7a61d749d_L_CC.nii.gz,0.5199590697116905,87.76164039297895,88.45903006477066,3129.5,45.63246089510525,232.40916292849036,0.07426399198865326,3130.0,0.8532752789796818
937f8b7c688c373cff168ea6529a4731_R_CC.nii.gz,0.5698113240900238,49.59536660830423,55.65968020030299,1078.5,28.26000151580799,143.29646455628188,0.1328664483600203,1079.0,0.8124179889850018
1289de4c6d2a9439311af675dd610158_L_CC.nii.gz,0.5328715687376857,115.6567522130667,121.2023102090055,5531.0,61.63019498688266,363.6051224213843,0.06573949058423148,5532.0,0.7250647108326189
1661e2bdcd39e86c666fec4bdf182791_L_CC.nii.gz,0.590044188066527,25.91825865761605,26.68332812825267,309.5,15.292917885731297,70.52691193458114,0.22787370576601337,310.0,0.884260835574779
1734a10c08f2565315493df00a2fd134_L_CC.nii.gz,0.4554270775894182,36.31087830517711,35.22782990761707,467.5,16.536957191231817,89.69848480983497,0.19186841670552934,468.0,0.8544971776813474
1860e56f068c2e2ccb2017de6e6f8eb8_L_CC.nii.gz,0.5277685331359683,54.52201288788511,56.08029957123981,1213.5,28.775002765459487,148.12489168102817,0.12206418762342659,1214.0,0.8336749968880192
5214f4386efcea56014510f1068da2a0_R_CC.nii.gz,0.3903317600398021,37.56043528863417,38.897300677553446,389.5,14.661030814073667,95.59797974644668,0.2454376886943432,390.0,0.7318295617037027
7923de65390f4cfe6fb047515f9474f0_R_CC.nii.gz,0.2898600470659325,29.61156102980626,29.154759474226502,196.5,8.583208473795375,71.94112549695426,0.36611259794887663,197.0,0.6907310538391864
18249f2f393ec3a4e59d4f3e9e7c6d1d_R_CC.nii.gz,0.5029087672409045,90.23555623183825,90.44888059008801,3118.0,45.38025234585109,257.3797256769676,0.08254641618889276,3119.0,0.769074928499717
20457a9245229489ee5c67af773d4240_L_CC.nii.gz,0.5200098997732011,74.50607516650668,75.96051605933177,2231.0,38.743896679829724,213.68124086713235,0.0957782343644699,2231.0,0.7835889808589774
26571f2d2c8cc89e30059d05b4cabb1a_L_CC.nii.gz,0.3455547787627833,90.8457443067927,87.28115489611719,2134.5,31.39218107547413,218.16652224137096,0.10220966139206884,2135.0,0.7506973847913048
28605b2b2337d1a4aae65900df2a36ae_R_CC.nii.gz,0.4834119184456199,179.47324995603637,191.9505144562004,12123.5,86.75950807091782,503.102597104443,0.04149813148879804,12124.0,0.7758225188372916
31937d26eec6ebdceb4c4d676fd06018_R_CC.nii.gz,0.7085192277045068,90.13208397557018,97.12878049270464,4473.5,63.860314529768736,268.59292911256415,0.06004089172070284,4474.0,0.8827425835022669
66235fe8968ef266cf15b08cfaa4a40e_L_CC.nii.gz,0.6069501707322229,17.75589923530221,18.24828759089466,145.5,10.776946072370821,48.970562748477114,0.33656744157028945,146.0,0.873175082502061
68107a7fd1e370b88e161f37cff1c2d7_R_CC.nii.gz,0.5183376952285071,88.16276584531704,90.13878188659973,3085.0,45.69808485323219,244.06601717798281,0.07911378190534289,3086.0,0.8067244173964483
81885e37a9a42bd351516b83bc3f6d66_L_CC.nii.gz,0.3618936512376971,142.08672463439635,140.91131963046828,5486.0,51.420283570346946,427.4629867976533,0.07791888202655,5485.0,0.6142346579317929
91489fc5a74d1452737d06d7113837f4_L_CC.nii.gz,0.6085040241539139,35.929399050803084,36.22154055254967,609.5,21.863183907845492,99.4974746830584,0.16324442113709337,610.0,0.8795888770657784
91489fc5a74d1452737d06d7113837f4_R_CC.nii.gz,0.41484526564623025,25.32791564684007,25.179356624028344,207.5,10.50716589477868,62.97056274847711,0.3034725915589258,208.0,0.8109170056593703
658602d790b802fb079fe5d2eba494dd_R_CC.nii.gz,0.33949749845768434,50.53679249616868,53.45091205957107,648.5,17.15711463252434,146.8111831820433,0.22638578748194801,649.0,0.6148947477879968
792610d6c4044d3a4e2cfdbc5b494768_R_CC.nii.gz,0.4630164875660219,38.17358837000031,39.05124837953327,524.5,17.675000804868688,99.01219330881979,0.1887744391016583,525.0,0.8199530717922396
944072b1af80b5038a0434d689012b12_R_CC.nii.gz,0.4645992832814911,72.48083881876751,73.68174807915459,1901.5,33.67454576684066,192.6101730552668,0.10129380649764229,1902.0,0.8025532826135774
4141898a609bbcdf7fa4e9b49188514e_R_CC.nii.gz,0.3945636200663544,58.143046475044144,56.43580423808985,1015.5,22.941130898879706,145.98275605729714,0.1437545603715383,1016.0,0.7738260350738392
5683854eafabc34f6d854000d2ac6c2d_L_CC.nii.gz,0.35092181961800023,69.73512004083715,68.18357573492314,1320.5,24.471575216010244,167.3969696196703,0.12676786794371095,1321.0,0.7695317500674994
64072568aca98d15b344eddde9ddf8be_L_CC.nii.gz,0.4515188439206342,29.67840194377714,30.4138126514911,307.5,13.400357735066157,79.35533905932738,0.25806614328236543,308.0,0.7833418701303984
94522717c9827bb41fe0814a514ae68b_R_CC.nii.gz,0.5019218974427438,43.95827013764595,43.73785545725808,739.5,22.063618355787963,116.66904755831224,0.15776747472388403,740.0,0.8262631202324564
30531093985dd9b3d909c3866c46e443_L_CC.nii.gz,0.46651381710825335,97.25324308406171,101.43470806385751,3399.5,45.36998165730246,260.9949493661172,0.07677451077103022,3400.0,0.7919182500889465
93514476602890f55d1758d1f3e1a9b5_L_CC.nii.gz,0.4663299171602313,58.57294623762514,60.40695324215582,1242.5,27.314317166822413,158.7106781186551,0.1277349522081731,1243.0,0.7873122040801137
93514476602890f55d1758d1f3e1a9b5_R_CC.nii.gz,0.5569065842806042,156.90280002972798,157.62296786953354,10723.0,87.38020242861852,442.71782079359275,0.04128675005069409,10723.0,0.8291556815237795
a4e90efc3a2dc8260b51e7f0121ccde3_R_CC.nii.gz,0.6524238736610204,43.218002218571314,42.15447781671598,950.5,28.19645641933087,122.42640687119298,0.1288021113847375,951.0,0.8927007284656561
a9e5db3e9452823f5753c401087c9544_L_CC.nii.gz,0.35745630651330795,86.52431860103881,89.00561780022652,2079.5,30.92866335070804,210.26702730475938,0.10111422327711439,2080.0,0.7687997254128214
a4046f021f9de4265a5c01ae953b9f09_L_CC.nii.gz,0.6155743683036788,50.085267758247916,51.35172830587107,1190.5,30.831207061604072,145.63961030678954,0.12233482596118399,1191.0,0.8398275623572097
aa8149ec929a0194c2b8871de84e8dc8_L_CC.nii.gz,0.39558343436220345,41.24629197758097,43.174066289845804,516.5,16.31634983519768,104.66904755831223,0.20265062450786492,517.0,0.7697005956345161
afa8d58b60cf82ce642d5c917fb6c8af_R_CC.nii.gz,0.37573361849314296,38.361075326089534,38.2099463490856,430.5,14.413545641559644,93.5979797464467,0.2174169099801317,431.0,0.785823541294951
b0edd960e3f8b68ebf6debae183a7caf_L_CC.nii.gz,0.3490585433462212,49.52880049955316,50.80354318352215,649.5,17.288450956059616,128.66904755831234,0.19810476914289815,650.0,0.702134678652552
b4ed83d02fa675475155a5551f92fd1f_L_CC.nii.gz,0.42900856673382665,86.14506236799346,87.14355971613737,2462.5,36.95696973768898,228.16652224137107,0.09265645573253647,2463.0,0.7709764789590605
b4ed83d02fa675475155a5551f92fd1f_R_CC.nii.gz,0.3623061871194987,26.207070777316897,26.076809620810597,191.5,9.494983888900522,62.627416997969476,0.32703612009383537,192.0,0.7832940382995316
b8acac150be7f949f78dc631a3851f8b_R_CC.nii.gz,0.34006267567828047,126.35994206503376,135.79396157414365,2772.5,42.97029999718789,393.3208511739223,0.14186505001764554,2773.0,0.47456285170842244
b365dbf9c6878c12650cac3bf8095e59_L_CC.nii.gz,0.5323572419149789,52.566043150198894,50.99019513592785,1146.5,27.98391374982365,135.8406204335661,0.11848287870350292,1147.0,0.8836134238700543
baaa3be716640961a62abcf61bed245e_L_CC.nii.gz,0.2882147045392086,96.15395770111341,92.89241088485109,2066.5,27.712984509101965,225.6812408671324,0.10920940762987293,2067.0,0.7140476197306488
beb4eb26bfa74853d4b49172855eefe9_L_CC.nii.gz,0.39249022891255,62.79074389062634,62.289646009589745,1209.5,24.644753443221234,153.98275605729714,0.12731108396634735,1210.0,0.8006372275190926
c79e16f69c355bad0291d281d674f53b_R_CC.nii.gz,0.4161037987586836,126.85716050696993,129.38701635017324,5199.5,52.78574638669024,326.79393923934083,0.06285103168368898,5200.0,0.7821890462737459
c58988888abc33489a6c845a77d7793e_L_CC.nii.gz,0.559155445124573,18.936106044314375,19.313207915827967,152.5,10.588226804134722,53.2132034355964,0.3489390389219436,153.0,0.8226601295355924
cbefbe019b185313c639fe5f8fac024a_L_CC.nii.gz,0.35966916870923893,54.50961965217175,54.230987451824994,826.5,19.60542958695341,133.4974746830585,0.16152144547254507,827.0,0.763402030155508
cc608bc4a299b3346c04379958797c1e_L_CC.nii.gz,0.39320277996797703,61.066393579456474,61.07372593840988,1118.5,24.011475718060908,155.29646455628196,0.13884350876735088,1119.0,0.7634161750735853
cf399797f9211774fdb1470bf4ba5600_R_CC.nii.gz,0.33220196528866147,87.79477827419815,88.76936408468859,1902.0,29.1655978847709,229.88225099390894,0.12086343375074077,1903.0,0.6725192922256601
d101ecbe883dcfadae08720d3742ee34_L_CC.nii.gz,0.48550601169574226,21.872388628538488,22.02271554554524,177.5,10.619176169301028,56.04163056034258,0.3157274961146061,178.0,0.8427394955229544
d540a38fcac9ff0136535fb45fa45dda_L_CC.nii.gz,0.3127637083252105,72.94230724989967,72.83543093852057,1297.5,22.81370650927551,177.296464556282,0.13664467403181657,1298.0,0.7202089927265534
d51872cb860414480dbedb3733e70724_R_CC.nii.gz,0.4483646328116126,49.442736692991325,49.64876634922564,853.5,22.1683744825543,126.32590180780467,0.148009258122794,854.0,0.8198120311206099
db3c5cf7336cc061ad5679d2209c2386_R_CC.nii.gz,0.3424390969418375,44.10970581025581,43.289721643826724,510.5,15.10488782403412,112.66904755831227,0.2207033252856264,511.0,0.7108830875828612
dd1959e485eccb3a17f29d7020fe3b23_L_CC.nii.gz,0.647457703896147,34.902247660820784,35.90264614203248,615.5,22.597729131289693,97.25483399593912,0.15800947846618865,616.0,0.9042900738882187
de627023c9a8f2ca7b998d4f1380fad1_L_CC.nii.gz,0.39812929955645565,107.59986388560458,102.23991392797629,3588.5,42.838658441145725,270.6518036156097,0.07542198791016015,3589.0,0.7846039346931846
e9be27a62325bea2255d3327274567cc_L_CC.nii.gz,0.29800156865574334,57.94606937210189,62.20128616033595,769.5,17.268019570320888,143.7401153701778,0.18679677111134216,770.0,0.6841183742617628
e668b1bed3d1501af1c88ef1ecd85a8c_R_CC.nii.gz,0.330298387011508,55.40080651207693,54.3323108288245,788.5,18.298797030075658,138.32590180780468,0.17542917160152782,789.0,0.7196184186450594
e22442ff5a7632d5fc91d2715319b448_L_CC.nii.gz,0.8625629207885277,19.390308124899853,19.6468827043885,253.5,16.725360811203135,60.62741699796949,0.23916140827601376,254.0,0.9309467671603949
ea75b79a86ae33661802cc9f2ee5d938_R_CC.nii.gz,0.3572865820364888,48.78858518172109,49.040799340956916,660.5,17.431506841973214,117.59797974644677,0.1780438754677468,661.0,0.7747141388068356
f6648f91c1486446d8ad32cdd928d977_R_CC.nii.gz,0.5902205367716697,37.821791606324425,37.12142238654117,658.5,22.323198143551036,103.25483399593912,0.15680308883210192,659.0,0.8809929414690224
f7189d58dd1053d7603348360f013070_L_CC.nii.gz,0.48243711726680455,64.21517753940155,69.77822009767804,1265.0,30.979785136884942,187.68124086713237,0.14836461728627065,1266.0,0.6717834936570449
fbfb4853334d90ff774ef326b8ac107b_L_CC.nii.gz,0.22845807326010753,142.1225067553825,150.02999700059985,3221.0,32.4690340602313,341.27922061357947,0.10595443049164219,3222.0,0.5895090112543032
0a3018e7ad1d1d7d2e142c2ca7c518fa_L_CC.nii.gz,0.5441755948204874,76.06909693886067,77.4919350642375,2423.0,41.39494607416182,230.4091629284904,0.09509251462174594,2423.0,0.7573243014421732
0ac8b6988e7443dc5e45d601a2f813f1_R_CC.nii.gz,0.2628860989429865,100.50579171252572,79.30952023559341,631.0,26.421575504482227,175.98275605729714,0.2788950175234503,632.0,0.5059988114878506
0b86a34d84ac7587f7374589268debf3_R_CC.nii.gz,0.38116317145986073,68.41783322562789,66.75327707311455,1359.5,26.07835829669216,169.39696961967027,0.12460240501630766,1360.0,0.7715941052434839
0cc015fba720993209f0b8843ff98699_R_CC.nii.gz,0.11522101712399681,140.8445847891299,107.5174404457249,849.0,16.228256315810558,191.7817459305206,0.2258913379629218,850.0,0.538581596213083
0e950d8bd73cd86c25a287e2d341c7ed_L_CC.nii.gz,0.5426255656547214,25.60356110767749,26.1725046566048,262.5,13.893146828828723,69.69848480983495,0.2655180373707998,263.0,0.8240361206526718
0efca57fad3aa67efe75a11edd765472_L_CC.nii.gz,0.5798612344665341,32.15055688880623,32.984845004941285,468.5,18.642861606329713,87.01219330881977,0.18572506576055448,469.0,0.8818193280096421
0fbeb0c0568911d2e9508e1eca010a32_L_CC.nii.gz,0.4966778035174121,79.74445277363856,81.39410298049853,2444.0,39.607299646308796,224.99494936611723,0.09206012658188102,2445.0,0.778901900515084
0fc1c717e341236455554530e64124e3_R_CC.nii.gz,0.4568956278730354,33.289014326492705,34.058772731852805,395.5,15.209605101977354,86.42640687119284,0.2185244168677442,396.0,0.8157023586552067
008b8e61390fcb4c0873258c15b0a53a_R_CC.nii.gz,0.4504247900324742,145.0954008699033,146.76852523616907,7413.5,65.35456547150388,399.70562748477266,0.05391591387128518,7415.0,0.7636182780955486
01c3c13f0b852aed00b5147c21d0e649_L_CC.nii.gz,0.5945412048723787,44.53492458719505,46.84015371452148,909.5,26.47784772297147,125.98275605729705,0.1385186982488148,910.0,0.8485846640527012
012e0595adba5173b6e60a97f9e84b6e_L_CC.nii.gz,0.5979002285294462,112.55778388897059,113.26517558367179,5881.0,67.29832470998355,358.1492782986683,0.060899384169132514,5881.0,0.7590431081159769
012e0595adba5173b6e60a97f9e84b6e_R_CC.nii.gz,0.5911550958263583,93.578708023685,94.89467845985885,4022.5,55.31953010904831,277.5218613006987,0.0689923831698443,4022.0,0.8101319473431212
0246c6050121c176d2e8fcf91f22f926_L_CC.nii.gz,0.2458210394414584,131.01995475487558,129.24782396620841,3140.5,32.207461465416365,314.65180361560965,0.10019162668861954,3141.0,0.6313556994999195
030561532b801ef4b623657ebee557bd_L_CC.nii.gz,0.40589937865881426,94.29645368673641,92.26592003551474,2788.5,38.27487196117596,233.4386001800131,0.0837147571023895,2789.0,0.8018951487597399
064741fa1cf1c410df6bd8cf69a64acf_R_CC.nii.gz,0.6686303852807227,34.51335140723652,35.84689665786984,600.5,23.07667544874953,99.49747468305848,0.16569104859793254,601.0,0.8730706317125966
08ba91bb945c4dbc738b3f0a2e5798e6_L_CC.nii.gz,0.4198602965995841,67.4585010166004,67.36467917239716,1440.5,28.32314624499319,176.12489168102826,0.12226649891081448,1441.0,0.7639075886012023
08d8818f81810c7979df66dccf549932_L_CC.nii.gz,0.5961509146398993,104.50568915370933,102.04410811016969,5094.5,62.30116217405682,284.3086578651022,0.0558069796574938,5095.0,0.8899500465767591
08db0293a555cc089d14e6357381d42d_L_CC.nii.gz,0.24506898794695725,260.5989668558159,232.01939574095957,9405.0,63.86472506737745,568.7594513539353,0.06047415750706383,9406.0,0.6044434911929875
09c1cd951e5569d928f49bdca14b8337_L_CC.nii.gz,0.2989989760280796,202.59660685579695,156.54072952429985,3314.0,60.57617799664669,345.8650070512063,0.10436481806011053,3315.0,0.5900306328065111
0939c6e7137f2c883403ef0971c99d53_L_CC.nii.gz,0.3159122131260875,29.2711099569793,30.01666203960727,209.5,9.247101127166385,71.45584412271569,0.34107801490556416,210.0,0.7180574486801811
1a16d31e2645cc351c97861d3e47ed8c_R_CC.nii.gz,0.3692898656537381,74.66666058200916,71.84705978674423,1588.5,27.57364105514343,185.29646455628193,0.1166487028997683,1589.0,0.7624851827082766
1a6061b532f36ce0bb0f85f34eca8736_L_CC.nii.gz,0.20497071690428012,66.44071624851821,60.41522986797286,669.5,13.61840124109263,145.15432893255095,0.21681005068342188,670.0,0.6319027281533102
1b43d2adcf3f300c550d3030b16c861f_L_CC.nii.gz,0.29485591191078175,108.46855367962127,131.4610208388783,2637.5,31.982594308848313,306.5512985522215,0.11622798049373327,2639.0,0.593879051210038
1ba2c84f59721618a813de779c880fd7_R_CC.nii.gz,0.6481357743798792,18.230519708467458,18.35755975068582,164.0,11.815852008595208,58.28427124746187,0.3553918978503772,165.0,0.7788888473377646
1c9145db44de0c31dedafb412ba7ff71_L_CC.nii.gz,0.3782629270825684,80.28697356198647,79.30952023559341,1899.5,30.36958562615779,207.43860018001303,0.10920694929192579,1900.0,0.7447920081018776
1caf7a7178dbc3fb9649b93ba42115a7_L_CC.nii.gz,0.331930197600912,145.35459358159628,149.25481566770299,5125.0,48.24757896973951,486.4751801064733,0.0949219863622387,5127.0,0.5216643750381252
1caf7a7178dbc3fb9649b93ba42115a7_R_CC.nii.gz,0.34874986450389484,52.2781883228765,52.15361924162119,738.5,18.232011094112277,124.426406871193,0.16848531736112796,739.0,0.7742257686280306
1ee83500d570b6bc68f18914335101cf_R_CC.nii.gz,0.2619166574669196,102.28815789421891,98.99494936611666,2102.5,26.79097241410232,243.68124086713243,0.1159007090925719,2103.0,0.6670384010567629
2a7135493f5db99ea044ed1ecc98a23b_L_CC.nii.gz,0.4995830955673118,24.70557303372885,24.331050121192877,233.5,12.34248665395456,66.52691193458115,0.2849118284136238,234.0,0.8142373306313567
2b439535813e682037b43be6d4b25732_R_CC.nii.gz,0.6369252444097065,106.15255857546128,127.34991166074674,4083.5,67.61124431539137,342.73506473629527,0.08393169211125144,4084.0,0.6609409696012845
2c536e8b72454ad979b24648db6d7af0_L_CC.nii.gz,0.41736847057249377,82.50841805285509,80.15609770940699,2209.5,34.43641225207606,210.6101730552669,0.09532028651516945,2210.0,0.7911750624057073
2d67e239301aac4286ac21daf3769a14_L_CC.nii.gz,0.49015268701332604,30.031063168006792,30.265491900843113,343.5,14.719806305665456,79.1126983722081,0.23031353237906288,344.0,0.8304664747840245
2dd3da8cb62401521d05671ab6ac4a85_L_CC.nii.gz,0.3518415396027292,65.49296789400255,65.19202405202648,1176.5,23.043146656977967,157.98275605729717,0.13428198559906263,1177.0,0.769646345942437
2df91aab9edbcf4db7faf8da1079685a_R_CC.nii.gz,0.530666683733971,116.8598585395991,117.5457357797381,5647.5,62.013633592830026,319.764501987818,0.05662054041395626,5648.0,0.8331108720939693
2e00b18ddf545eb29cb44c7c56540e07_L_CC.nii.gz,0.5674728020279711,37.18960565323787,37.48332962798263,612.5,21.10408972635817,99.25483399593908,0.1620487085647985,613.0,0.8839064666177819
2eddff9a90428070b98f85f4c4b6c758_L_CC.nii.gz,0.5182723030378852,39.06232894325477,39.81205847478876,611.5,20.244923183444087,103.01219330881986,0.16845820655571522,612.0,0.8509705462039913
2f067732b7b86ef47f0e2a5b1858cafe_L_CC.nii.gz,0.4678771282789717,62.40497435406788,61.5223536610881,1421.5,29.19786019110416,162.7106781186551,0.11446407183865993,1422.0,0.821414394089454
2f5e6219a65c6d86d873dee70ef65d91_R_CC.nii.gz,0.44425476555130217,49.70622243704055,50.15974481593781,857.5,22.082226195208328,122.0832611206854,0.14237114999496842,858.0,0.8502876566543797
3a35eb2c0576cf10861bc2442babffe5_R_CC.nii.gz,0.4280356423237633,79.713262043519,80.50465825031493,2124.5,34.120117320520116,205.09545442950545,0.09653822284278911,2125.0,0.7966678010073327
3b15274e828c9c2c08e2bbc3a9ee5734_R_CC.nii.gz,0.45644335204936093,36.538322755397026,37.656340767525464,474.5,16.67767451673486,91.94112549695426,0.1937642265478488,475.0,0.8398722353897574
3bdcc5d8c49f1e2b6332dc0a039ca35d_R_CC.nii.gz,0.32460479960330524,73.85712378385006,76.2954782408499,1303.5,23.974376865133156,194.02438661763986,0.14884878144813185,1304.0,0.6596356675746567
3d69a7800411de271a7ba6503b05bef6_L_CC.nii.gz,0.6844572709570119,52.62201191151651,52.630789467763066,1465.5,36.01751866522397,154.32590180780474,0.10530597189205373,1466.0,0.8793444359606879
3d342bcea04ea881e47f9de7238f91ea_L_CC.nii.gz,0.5410891056640655,60.28090128369395,64.00781202322104,1530.5,32.61733896421779,195.92388155425158,0.12801299023472826,1531.0,0.7078385686238712
3e92d46f9695bf4151474a1a8c4738ae_R_CC.nii.gz,0.33312353942952855,126.60474784674084,121.59769734661919,4038.5,42.17502171128929,316.3086578651021,0.07832330267799976,4039.0,0.7122031599005195
3f8ad54f66c2cb71548bfa0ec7ba88f9_R_CC.nii.gz,0.5320128794221656,72.899348976841,73.54590403278758,2190.5,38.78339255717048,192.95331880577444,0.08808642721103604,2191.0,0.8598531921878366
3f63d52243caf37caca6827d5d446b55_R_CC.nii.gz,0.3481715087683051,49.83168021231049,48.25971404805462,668.5,17.349971283979837,119.35533905932752,0.17854201803938297,669.0,0.7679161246442326
3fa94bbf5bd9539dd1821b2b21a7af32_L_CC.nii.gz,0.3949469252008694,22.0927624291458,22.20360331117452,148.5,8.725468590584423,53.2132034355964,0.35833807027337644,149.0,0.8117994534549446
4b2a407b963e70414dfd02d8de6b56e2_R_CC.nii.gz,0.1262573540733201,192.8750134938198,145.7840869230932,1284.0,24.3518888705856,215.438600180013,0.16778707179128738,1285.0,0.5896087572333543
4c4b2aae9062c2fdb7a2bbdf48dc093e_R_CC.nii.gz,0.9011494192372076,44.021570477601124,48.010415536631214,1331.5,39.67001266980006,152.12489168102815,0.11425076356066703,1332.0,0.8503059839510564
4e6665640fb0575ba767493f321f40ae_L_CC.nii.gz,0.4382557582148566,32.73430163057773,35.05709628591621,345.5,14.345996180742665,87.84062043356599,0.2542420273040984,346.0,0.7501248678287631
4f0cf40c0bff5919286e16ca59686f4d_R_CC.nii.gz,0.4914548032311832,88.90737711525476,91.6624241442479,3020.5,43.69395752597813,236.65180361560962,0.0783485527613341,3021.0,0.8232552961725997
5a2b5febd11b2fdd2c7f4fd1d0f92104_L_CC.nii.gz,0.6128446844288579,41.5829176924812,41.7612260356422,795.5,25.483870070879814,116.66904755831223,0.14666127914307006,796.0,0.8569774050713325
5a9ed958f1d0f5c159a68c77c610351a_L_CC.nii.gz,0.4400214074914696,68.15765448981121,70.21395872616783,1562.0,29.990827059924012,225.58073580374406,0.1444178846374802,1562.0,0.6210741274161279
5a68e7931d8e40d4135c94c630a6b73b_L_CC.nii.gz,0.5374016994423726,126.75825192419867,129.0968628588627,6584.5,68.12010000240876,458.8183258569808,0.06968157428156743,6586.0,0.6269394190097226
5b0d75c010fddd1234d0f203e83a96b1_R_CC.nii.gz,0.2974430649143722,88.32716676210464,94.02127418834527,1791.5,26.27230319692327,215.53910524340137,0.12031208777192373,1792.0,0.6961250508182631
5b9cb37e9512dd60d4938f3d964ec1d8_L_CC.nii.gz,0.3783220815940579,79.69187070403427,80.05623023850174,1876.5,30.149194410874767,193.88225099390903,0.10332121022856862,1877.0,0.7920291451756628
5c0ead6d5bbf73cddea7ec178065219d_L_CC.nii.gz,0.36421563309511706,36.07800644887014,34.36568055487916,365.5,13.140173959584953,86.28427124746189,0.23607187755803527,366.0,0.7854471844254859
5c32aac989899542513be63d6b2d392c_L_CC.nii.gz,0.44514765944142815,35.33787992147558,35.12833614050059,435.5,15.730574536667094,87.35533905932735,0.2005863124209583,436.0,0.846855978749321
5d99bedc43c3225261b270fa4bc5181c_L_CC.nii.gz,0.9159134761917487,100.2396982869278,110.38568747804219,5122.5,91.81089051039211,462.8772003600264,0.09036158132943414,5124.0,0.5481256503471509
5db9ac9324ec6e77d5e5c4a3158323d7_R_CC.nii.gz,0.5148292395253529,38.157401402224636,37.33630940518894,576.5,19.644545946170943,102.18376618407365,0.17724851029327607,577.0,0.8329571920654014
5e738b21ece161aa495b59fee9c11455_L_CC.nii.gz,0.14540231791544778,110.60816514818906,93.26306878931231,665.0,16.082683592921338,158.91168824543166,0.23896494472997243,666.0,0.575254352243945
5e3216db19aa93c7e397e29a7ede3ea8_R_CC.nii.gz,0.29689366949812346,108.74850271313998,104.6900186264192,2705.5,32.28674202293077,250.6101730552669,0.09262989209213339,2706.0,0.7357495493260481
5e6223b2b7e41ccf246c948cce61dc64_L_CC.nii.gz,0.4269154257736978,65.31693971414727,64.38167441127949,1416.5,27.88480912830013,163.9827560572971,0.11576615323494324,1417.0,0.813607681285798
5ed241690b2b9488f7c68e441357c6cf_R_CC.nii.gz,0.29798602837490484,66.49649408368225,65.06919393998976,1028.5,19.815026172851834,165.154328932551,0.16057785992469714,1030.0,0.6883623655515951
5f6e4829dd69b3643277057fc8640aa3_L_CC.nii.gz,0.2583403486282341,175.54869386443255,159.89058759038946,3966.0,45.35131077416864,453.01933598375746,0.11422575289555155,3968.0,0.4927930199929782
5f6e4829dd69b3643277057fc8640aa3_R_CC.nii.gz,0.6534491575921456,104.92510223148761,88.23264701911646,2389.0,68.56321966343535,292.55129855222134,0.12245763857355435,2390.0,0.5922580559165079
6a015ff718625303ff6dbb763f0e7367_L_CC.nii.gz,0.3787511033216768,45.908413113945954,44.553338819890925,607.5,17.387862118654365,113.01219330881987,0.18602830174291338,608.0,0.773130434043063
6a5fb5091c54d26f78f2439269bdaa82_L_CC.nii.gz,0.5555597770193078,34.11713195484022,35.12833614050059,503.5,18.954106221369333,93.5979797464467,0.18589469661657734,504.0,0.8498420079441609
6b1c4a9ef24d15a5bb55173142dd5475_L_CC.nii.gz,0.23387660492693105,81.10768667200428,75.53806987208503,1135.5,18.969190392325654,198.02438661763992,0.1743939996632672,1136.0,0.6032256840185752
6b675c868d714a59a521978dd89ee685_L_CC.nii.gz,0.5880692575601765,15.990384778409068,17.029386365926403,111.5,9.403453704740567,44.62741699796948,0.4002458923584707,112.0,0.8387656080903725
6b1818c48d12b25aa72fcf1d22aed05a_L_CC.nii.gz,0.33149574632279044,132.80090637951471,129.75746606650424,4547.5,44.022935572620256,318.20815280171394,0.0699743051790465,4548.0,0.7512422130418994
6b36604715be66f9d4db3343ad030125_L_CC.nii.gz,0.5324650994599535,62.83291425928806,66.12110101926616,1640.5,33.45633394043055,170.95331880577442,0.10420805779077989,1641.0,0.8398766609659082
6d852de518cabf8f6c797c4d9d7de1c0_L_CC.nii.gz,0.6806483296046706,102.04598079352269,107.16809226630845,2629.0,69.45742636998152,293.92388155425186,0.1118006396174408,2630.0,0.6183941190562704
6f9a7e206e52623c945f1039cd069cee_L_CC.nii.gz,0.5103306604289313,113.13355772589534,115.24755962709145,5019.5,57.735523230930795,318.9777054234146,0.06354770503504624,5020.0,0.787362690435149
6f9a7e206e52623c945f1039cd069cee_R_CC.nii.gz,0.5274169482919062,23.14050187549047,23.194827009486403,219.5,12.204692881114319,62.04163056034258,0.28264979754142405,220.0,0.8465234456525669
6f461358d3788da2148e345cb01c78c7_L_CC.nii.gz,0.6638796594534813,76.88524121629266,85.14693182963201,2341.5,51.04254775567113,416.2914139223995,0.17778834675310676,2342.0,0.412054403320431
7a7f2b151786da9eadf8e98e04fdbac7_R_CC.nii.gz,0.6119781719820835,55.366223456434334,55.08175741568164,1431.5,33.88292022042023,165.5391052434013,0.11564031103276375,1432.0,0.8102144878039214
7ac5bd45e5d5fca171e070d73a2170d5_L_CC.nii.gz,0.5015384947554029,23.99823633869563,23.194827009486403,224.5,12.03603933009382,62.04163056034258,0.2763547018278066,225.0,0.8561106533255107
7b1cea18dd875468cff8b957e23a82ec_R_CC.nii.gz,0.3306660609407615,69.40435047023051,68.26419266350405,1235.5,22.94966318214321,164.81118318204335,0.1333963441376312,1236.0,0.7560310455613659
7bdfdd72d14a004a88918758eec0ebf8_R_CC.nii.gz,0.8916884013691503,36.25541146543358,41.23105625617661,830.5,32.32852989059323,137.9827560572971,0.16614419754039386,831.0,0.7403719134965808
7c51789da6c462e55bcb95c2a7d437ee_L_CC.nii.gz,0.5738722095986144,57.08900689252455,58.137767414994535,1341.5,32.76179452920359,177.05382386916267,0.13198197828487712,1342.0,0.7333224146071576
7c98228fc11204260460934ba8c6e12b_R_CC.nii.gz,0.6157903341110817,30.725377494000178,31.622776601683793,440.5,18.920390472719482,86.2842712474619,0.19587802780354574,441.0,0.8622759097528478
7ca902f0527e761fc2ac5435ed008fd2_R_CC.nii.gz,0.6685910315404398,44.00933625517476,44.91102314577124,1010.5,29.424247524257368,123.9827560572971,0.1226944641833717,1011.0,0.908891003646179
7ed7391fe55395a5e33c4254788c1058_R_CC.nii.gz,0.38693990342195317,105.03864517425683,128.41339493993607,3232.5,40.64364321929975,341.11984104714554,0.10552817975163048,3236.0,0.5908363657859453
7ee98232df9bcefc6b54530b6a616690_L_CC.nii.gz,0.9186184625142039,18.090403726166784,18.973665961010276,231.5,16.618178857192557,58.28427124746186,0.2517679103562067,232.0,0.9253990706433606
7f07498cddc674558db06129c60f7113_L_CC.nii.gz,0.7462245880715797,65.90786681558359,67.67569726275453,2459.5,49.1820707651354,199.6812408671324,0.08118773769755333,2460.0,0.8804223901701851
8a26d9b98507af51d70f96c4db50f308_L_CC.nii.gz,0.4562464505827371,156.95949370721777,148.07092894960846,8618.5,71.61221188918158,406.0071426749374,0.04710879418401548,8619.0,0.8105636075741489
8a83a1b911d3238c144aa0e654be5dfb_R_CC.nii.gz,0.9067760855337437,23.31189952762622,25.612496949731394,362.5,21.138673000016833,76.28427124746189,0.21043936895851556,363.0,0.8847568540913517
8ae2db86499819584e175cadf9099d25_R_CC.nii.gz,0.38574573864757283,68.70522479217468,65.37583651472461,1403.5,26.502747686404952,171.63961030678962,0.12229398668100436,1404.0,0.7737374550286505
8b99ca393abc7123ee91a33a3e52232a_R_CC.nii.gz,0.4574373223596082,88.90896212618706,96.42095207992918,2775.5,40.67027756877483,245.82337649086344,0.08856904215127488,2776.0,0.7597179159938681
8b202f831f93639ebcb9cccccec03b09_R_CC.nii.gz,0.2878579976136757,91.80525785081123,90.27181176868004,1869.5,26.426877695341698,227.9238815542517,0.12191702677413838,1870.0,0.6724776181053517
8b477ee27be976426d02aed5a02b4e55_L_CC.nii.gz,0.7228747438097095,64.38735262982466,66.12110101926616,2321.5,46.54399103686992,201.82337649086332,0.08693662566912054,2322.0,0.8462872704022372
8c2aca576f75222aefb98d06ae4c0f4d_R_CC.nii.gz,0.4601665789696281,209.73342538075642,204.94145505485218,15585.5,96.51231285304445,545.0609665441003,0.034972311863212625,15586.0,0.811933049777916
8c3a72bc005d1638babd62ba02d56126_L_CC.nii.gz,0.3695485306442845,64.01478488105259,62.39390995922599,1175.5,23.65656969230294,156.22539674441643,0.13290123074812116,1176.0,0.7779731570481233
8e467df187e9aa4bf69c9967fe2a500f_L_CC.nii.gz,0.6493242458189649,39.95641264285249,41.10960958218893,808.5,25.944667504951546,111.98275605729708,0.1385068102131071,809.0,0.9001062809602197
8f21f2e48ad57b34a5ef9140540748ae_L_CC.nii.gz,0.5632796425498203,36.80999025042722,37.64306044943742,590.5,20.734318150523013,100.6690475583122,0.17048102888791228,591.0,0.8556948599905988
9a87788b839ce29934ddd8691407f695_L_CC.nii.gz,0.669421938018657,22.13274014120255,23.769728648009426,252.5,14.816141798987134,69.94112549695427,0.2769945564235813,253.0,0.8053840166573707
9b24b3af1eda9310f1a0d213d06001ab_L_CC.nii.gz,0.4530976253056596,22.17761611989573,21.37755832643195,171.5,10.048625198865272,57.455844122715675,0.3350194992578173,172.0,0.8079840443827349
9b38a2ad9199e128f27ec3baff097ed0_L_CC.nii.gz,0.4376873194563612,80.1372836624104,78.5175139698144,2104.5,35.07507287471446,206.85281374238616,0.09829071691251422,2105.0,0.7861727098630324
9b720facd58a23aef24bee0823ba5a27_L_CC.nii.gz,0.4832144341544953,71.95819284033126,76.23647421018367,1905.5,34.77123743612072,244.6518036156097,0.1283924448258251,1905.0,0.6325006654447363
9bf5e07c124d149dc072232c005e033d_R_CC.nii.gz,0.4543079466148731,24.83159057168924,25.317977802344327,215.5,11.28118892380538,65.45584412271569,0.3037394158826714,216.0,0.7950238207874262
9c8e8f688e99a35f6bb0a78cd4ae8d7e_L_CC.nii.gz,0.21440116511210836,54.17294065759606,51.478150704935004,424.5,11.6147415945377,117.11269837220814,0.27588385953405925,425.0,0.623648370176827
9c20d3546db2dccd0c502326344f3dd9_R_CC.nii.gz,0.5007407656246443,31.91965935886218,32.2490309931942,398.5,15.983474665834493,81.94112549695426,0.20562390338006087,399.0,0.8636090206028405
9c506b75a066dc7a753de95cb2ab7588_R_CC.nii.gz,0.48766506461794146,149.49968704209746,151.90786681406595,8461.5,72.90577454174648,447.1025971044431,0.05283963801978882,8462.0,0.7293255342610491
9ca0112757065957cb751b4b8a0be110_L_CC.nii.gz,0.4101614069922325,83.14327727707979,81.04936767180853,2166.5,34.10216358991236,205.05382386916276,0.09464750697861193,2167.0,0.804667398858395
9cd11142270fc4e1188ccc8b02d23322_L_CC.nii.gz,0.5148841978430302,17.77443493794061,17.46424919657298,126.5,9.151775675134683,46.97056274847712,0.3713087964306492,127.0,0.8488372531762646
9cd11142270fc4e1188ccc8b02d23322_R_CC.nii.gz,0.387557816030597,33.648167659943894,33.54101966249684,340.5,13.04061037171922,85.49747468305839,0.2510939050897456,341.0,0.7650859080496597
9d6bc38b17efaa2cc5457ee9a04d5f3c_L_CC.nii.gz,0.4275039229743667,21.840067084319234,21.18962010041709,156.5,9.33671435656981,54.04163056034259,0.34531393329292387,157.0,0.8206040550874979
9d748a25b28d9dbe249f7b9c759258df_R_CC.nii.gz,0.5105626856840295,57.79226714977432,57.706152185014034,1320.5,29.506575127757692,151.98275605729714,0.11509485502256504,1321.0,0.847578280123155
9e8192d1faae0898ab26d0b3c891c1d2_R_CC.nii.gz,0.4953567285924534,25.94705965676832,25.709920264364882,257.5,12.853050588169982,69.45584412271567,0.2697314334862745,258.0,0.8190016088208875
9efd5f5c65ec8c402ec48f0ff7388562_R_CC.nii.gz,0.5001460540235025,24.202353066809266,25.0,227.5,12.10471138444827,62.526911934581136,0.27484356894321377,228.0,0.8551231269047403
9f5ce88e76b5c690bae653e76aedc80b_L_CC.nii.gz,0.3685354033965771,44.82558988834825,43.18564576337837,558.5,16.519816851991948,111.84062043356606,0.20025178233404844,559.0,0.7490605982167474
12c181a0785ed3b2c2b5f7cfc9f2667d_L_CC.nii.gz,0.5251510771304579,93.41782056993884,96.0260381354974,3568.5,49.05846909548323,249.23759005323657,0.06984379712855165,3569.0,0.8496386090263943
14cae76f3f05638cbedf9b1c6955958d_L_CC.nii.gz,0.4829561590475546,31.891891904731754,32.38826948140329,381.5,15.40238561906905,83.94112549695426,0.2200291625083991,382.0,0.8248546274552107
15a411e94e743361a5725ccf6b728ded_R_CC.nii.gz,0.43776443235383383,139.94440577132676,163.47782724271815,3474.5,61.26268335357943,428.0487732352802,0.12319722930933377,3475.0,0.4881551026224023
16ea517b8a6ed18fe6cefb0e100ff7ee_L_CC.nii.gz,0.49902010858219964,19.2612088371772,18.439088914585774,142.5,9.61173052535259,49.55634918610402,0.3477638539375721,143.0,0.8539118879809877
17efc47ffc11ecf2d6a8f3bae61ffd08_R_CC.nii.gz,0.876951695939119,35.07053233684152,37.16180835212409,776.5,30.755162810280886,118.08326112068538,0.15207116692940809,777.0,0.8365411777021338
20e95a0858f00dcc1a4d8e9a138a11b1_R_CC.nii.gz,0.3019477329289597,37.11365088969902,36.345563690772494,323.5,11.206382746861486,87.11269837220811,0.2692819115060529,324.0,0.7319149330146184
21ee099d74242fca1551adb6f2564a15_L_CC.nii.gz,0.5653013812101216,53.850772245870736,58.05170109479997,1223.5,30.441915929822407,151.88225099390885,0.1241375161372365,1224.0,0.8163941683511612
23ae781b46f7eaaffb8d4d7b3a7f968c_R_CC.nii.gz,0.0864295581049697,177.06233639943815,156.7322557739791,736.5,15.303419492036934,210.1248916810282,0.28530195747593784,738.0,0.45784007604101057
23e9299f93caef6fb4b638ecc6ef5f36_R_CC.nii.gz,0.5258330158720551,76.70428166873896,76.23647421018367,2414.5,40.3336437601726,207.4386001800131,0.0859136882087443,2415.0,0.8397093012388709
26f9cf5d9a3d563c88a816f7a1abedaa_R_CC.nii.gz,0.46461369125958213,136.06972937213436,136.61625086350452,6715.0,63.219859232279724,368.29141392239944,0.05484607802269537,6715.0,0.7887445045127015
27da2a953a5b5d4f4b87b65dbc2ebe91_R_CC.nii.gz,0.4628433144684404,38.56696068563679,41.10960958218893,530.5,17.850459912714168,102.66904755831223,0.19353260614196463,531.0,0.7952580848110029
27f72660a5dedfa162daa3894b4500eb_L_CC.nii.gz,0.2568752421162708,67.9016561973462,58.54912467321779,701.0,17.442254375789084,147.98275605729714,0.21110236242125127,702.0,0.6342388332740649
29e6666c5ca74d79a315d3f0c35b3013_R_CC.nii.gz,0.48398235030052134,30.408952944187334,31.78049716414141,344.5,14.717396516105746,79.94112549695426,0.23204971116677578,345.0,0.8230558132762584
30c3a965cd79168a8b85899be4d0bdab_R_CC.nii.gz,0.2783775777008184,89.9092529183379,87.28115489611719,1709.0,25.02872004029714,226.26702730475935,0.13239732434450519,1710.0,0.647671358874161
31c93d344d0c6a2d9fe5336fe9797881_R_CC.nii.gz,0.41506665550713173,43.65864160809516,45.09988913511872,613.5,18.121246356256563,111.25483399593912,0.1813444726910173,614.0,0.7892113555984042
34e61525cdf4e3590afabd214164547a_R_CC.nii.gz,0.5150454312400077,58.62225506454011,59.665735560705194,1379.5,30.19312463997779,156.4680374315357,0.11342373137479934,1380.0,0.8414729295548099
35eb15c7c9522cfb54e75dcbb73f1e55_R_CC.nii.gz,0.30218872954538106,74.2484759236079,72.3394774656273,1252.5,22.437052610035884,176.2253967444165,0.14069891955642036,1253.0,0.7119103424355725
36a1569aca166a2f953da98c97f4fc38_R_CC.nii.gz,0.5354184673928593,114.92353785932639,117.72000679578642,5339.0,61.53218450800578,372.29141392239944,0.06973055139958784,5339.0,0.6957478487118444
38f0774c2e72c4d5407df23a43aa1ff7_L_CC.nii.gz,0.7057315016541849,21.95391824306712,23.345235059857504,261.5,15.49357168887296,67.69848480983495,0.25888521915806867,262.0,0.8467629162548487
41aabf1214439580e6ab7b4d23a836e2_L_CC.nii.gz,0.46918981755241584,19.764168905206017,21.02379604162864,142.5,9.273146802708741,51.21320343559639,0.3593909013024308,143.0,0.8262860523491168
43a5db0fd868e525cf75aaf5d53a1863_L_CC.nii.gz,0.27901422948130195,124.13421758041912,129.65338406690356,3177.0,34.63521307046493,362.9360748630719,0.11423861342872896,3179.0,0.5505330568590218
44a229141467a98d727eb1bdda0b1123_L_CC.nii.gz,0.46358302736183704,71.87696778116772,72.56721022610694,1872.5,33.320942321582955,184.7106781186551,0.09864388684574371,1873.0,0.8304697971439926
48ac6ea5fc55dcc8dc9175975e00b86c_R_CC.nii.gz,0.43124794345131595,59.286056315553715,60.67124524847005,1178.5,25.56698986142144,151.88225099390883,0.12887759948570965,1179.0,0.8012401441208012
50a8bfda39adc93f22a174153632b823_R_CC.nii.gz,0.6184486871887211,60.443969586811654,59.481089431852205,1742.5,37.38149363943866,174.12489168102817,0.09992820182555419,1743.0,0.8498268847656785
52bd2f2f2a70263495e7cce47c2ab229_R_CC.nii.gz,0.2756225336257228,94.99983750773939,90.19977827023745,1735.5,26.1840959079151,227.92388155425172,0.13133038407044179,1736.0,0.6479289852847004
54b84438aceebc33848f1ed19877b330_R_CC.nii.gz,0.2757424772385258,54.74984026626329,55.326304774492215,577.5,15.096856583433029,131.3969696196702,0.22752722012064103,578.0,0.6483291922800722
55a12c640ccebc100e67e21476b57285_R_CC.nii.gz,0.5855841745103445,22.147494337340788,22.360679774997898,217.5,12.969222189004237,63.45584412271567,0.2917510074607617,218.0,0.8238780586304091
56e54f64f6aca6f887cc52cc240dea6a_L_CC.nii.gz,0.30521414864748836,129.09417510601074,107.83784122468327,1570.0,39.40136875033085,246.9949493661172,0.15732162380007464,1571.0,0.5686783379566527
58f909e936a14049de83be0ad193a562_L_CC.nii.gz,0.5727533485907508,48.87030942046114,50.80354318352215,1055.5,27.990633367235233,134.46803743153566,0.12739747743395136,1056.0,0.8564755793576161
61b2ab1d25c1955b270b55971022231a_R_CC.nii.gz,0.593867881741322,90.50908841154408,92.65527507918802,3657.5,53.75044061330172,256.85281374238616,0.07022633321733046,3658.0,0.83466609383593
61c6b3ec13649a482ca1037b4103b2fc_L_CC.nii.gz,0.42650082307718756,61.2944985739759,59.413803110051795,1249.5,26.14215409190422,154.46803743153572,0.12362387949702738,1250.0,0.8112121253383118
61f89a0baefd8edfa50c240d6439b7d5_R_CC.nii.gz,0.4587720523652925,30.966191429860654,32.0624390837628,341.5,14.206423196213706,79.11269837220804,0.2316623671221319,342.0,0.8280452845738795
62d3de922e860fa5bba67883926864a5_R_CC.nii.gz,0.36059759539497693,46.74829064597953,45.39823785126467,595.5,16.857321195765714,112.08326112068536,0.18821706317495443,596.0,0.7718005015077939
63b872fe16a03cba95b17aa582d6df85_L_CC.nii.gz,0.3028271562949771,46.01990020716895,46.2709412050371,494.5,13.936075512715602,111.25483399593912,0.22498449746398205,495.0,0.7085478587481595
65c44e57404ab93695069f0512fb4237_R_CC.nii.gz,0.29832894245582503,118.50729412513815,115.10864433221339,3170.0,35.35415572965387,300.69343417595235,0.09485597292616793,3170.0,0.663759298354172
67fa83fae24cea1258f6dadacb9e81d2_L_CC.nii.gz,0.5012624097474467,32.71434096389488,32.89376840679705,413.5,16.398469384861553,86.08326112068525,0.2081820099653815,414.0,0.8373826874794646
68b819a80456e50103709cecaa927fbb_L_CC.nii.gz,0.4875129959515451,118.50639121762754,119.10079764636339,5311.5,57.773405821911474,312.55129855222145,0.058844262176827915,5312.0,0.8265939405710948
68c9aa129fc6b36692493accf6577dae_L_CC.nii.gz,0.3967357003218609,113.59845831025243,110.22250223978767,3944.5,45.068563913201714,287.5807358037442,0.07290676531974755,3945.0,0.774178527542636
69fce1bee9d2056fa4f35c693a38e28a_L_CC.nii.gz,0.3501341831849756,94.18979177953317,94.13288479590966,2397.5,32.979065809089775,230.85281374238625,0.09628897340662618,2398.0,0.7518809260165868
70c91262ab8842935e5569c4ea7cc20d_L_CC.nii.gz,0.5025616458571056,70.01381219222515,69.1158447825099,1907.5,35.18625668805496,186.85281374238613,0.09795691415066114,1908.0,0.8285859468598953
70df0922235c570b6c66f142f2bf8d36_L_CC.nii.gz,0.4692469030937732,29.004694125116906,29.154759474226502,308.5,13.610362893393264,73.45584412271566,0.238106463931007,309.0,0.8476296938895188
70ea0d343edce93e2457df7a0e3cc9e2_R_CC.nii.gz,0.170834807421809,188.91821446473696,158.52129194527782,1343.0,32.273806786555355,225.68124086713237,0.1680426216434344,1344.0,0.5756353778596126
70f98f73ca0714118b87a3258147101c_R_CC.nii.gz,0.48622389959360324,47.46913581251429,48.373546489791295,834.5,23.08062832509906,127.98275605729711,0.15336459683319006,835.0,0.800141220309318
71e1c99aaa708f39cf4f6c395041011d_L_CC.nii.gz,0.40074395255047585,58.05739713208845,58.42088667591412,1055.5,23.266150801505788,143.74011537017785,0.13618201361456925,1056.0,0.8012278963854961
71fbe9b5c1c11fb81a4eff16dfc0de07_R_CC.nii.gz,0.6868014617611138,29.03381707943779,31.04834939252005,448.5,19.940468010662663,89.84062043356599,0.20031353496893198,449.0,0.8356288263106214
73be6c9dcf69967c751e30cbe5c8fd55_L_CC.nii.gz,0.6889389573885848,27.603632388586604,27.202941017470888,408.5,19.017217717930624,79.4558441227157,0.19450635036160516,409.0,0.9017270889117136
75df369020dfec63262df17496882be4_L_CC.nii.gz,0.4781113369733304,98.53388111275851,95.35197952848173,3584.0,47.11016563599216,280.4507934888332,0.07825077943326819,3585.0,0.7567148545616771
76c60021bdad852f982497bb6dfa6cf2_L_CC.nii.gz,0.43809989495813784,79.77897324480453,74.24284477308234,1095.0,34.95115979841696,271.4802307403558,0.24792715136105553,1097.0,0.43208956874968435
79a545d87c997d0ac51be0b90c6a6ca0_L_CC.nii.gz,0.6435306483559442,63.81315169531652,63.63961030678928,2035.5,41.06571888412326,184.0243866176399,0.09040746087823134,2036.0,0.8690907078085376
85d26c72e12b6139a6d26b54c3706c30_L_CC.nii.gz,0.46655417236643826,120.8271185413588,119.41942890501528,5335.5,56.372396290485185,307.3797256769677,0.057610294382338625,5336.0,0.8423978998591987
85e276e2e169121bfd36be0b77c18bf8_R_CC.nii.gz,0.5764397409005612,43.253469128908336,43.56604182158393,827.0,24.933018537718347,132.91168824543166,0.16071546341648327,828.0,0.7669984959824881
89e03e9698a3d7e9aceef0a5dc6da78b_L_CC.nii.gz,0.4868698780300828,154.62080202386397,167.28717822953436,3839.0,75.28021102227223,328.5929291125642,0.08559336522859187,3840.0,0.6684297552204145
92d7a655fa2168f2b91dd9f614865d1d_R_CC.nii.gz,0.42065317454455403,60.091757105750325,60.8276253029822,1178.5,25.277788390494138,151.39696961967024,0.12846582063612239,1179.0,0.8038084050259623
96e3b1bdfe0b2dcdadde96bc1e716880_L_CC.nii.gz,0.3967175505477247,128.15423495312982,130.74020039758238,3122.0,50.84103418292326,379.7645019878181,0.1216414163958418,3123.0,0.521563287639196
96f69471adaac2bdad7539367b0e1289_R_CC.nii.gz,0.6252826590035211,17.57284616220979,18.027756377319946,149.0,10.987995974566358,51.455844122715675,0.34534123572292397,150.0,0.8409368022727016
99e880e8d860ed86d42caa8728582335_R_CC.nii.gz,0.4167276564668655,134.92984195834507,141.315250415516,5031.5,56.22899682674568,452.5168106668161,0.08993676054194895,5032.0,0.5556725623079302
137e66f52a0a4e95d4344ff2852f9033_R_CC.nii.gz,0.34136393745408145,59.270041404943,58.215118311311535,929.5,20.23265470705778,147.15432893255092,0.15831557711947383,930.0,0.7344404474539638
163e112d5af21e69707b9214ee2ebda0_R_CC.nii.gz,0.4063994218214907,79.05737982738735,79.05694150420949,1942.0,32.1288734525722,221.7817459305207,0.11420275279635464,1942.0,0.7043746972955902
173a197ba55b94182f95d2efad6dbbc1_R_CC.nii.gz,0.2812572939050426,68.77441387306517,66.27216610312357,1011.5,19.34330553584373,157.74011537017793,0.15594672799819864,1012.0,0.7147361055409506
175f10693af82fdf9bdf9e711697ec13_L_CC.nii.gz,0.6390042248971926,89.4152908668102,88.29496021857646,3978.5,57.136748634303075,275.8650070512062,0.06933894861158883,3980.0,0.8105279558594354
217dbf17912040805b4121ed9453c3b9_L_CC.nii.gz,0.40032698208964895,100.97544716164019,101.04454463255303,3167.5,40.42319602737222,252.30865786510213,0.07965545631100304,3168.0,0.7907352333283824
258aa8285a5968883f917c4dfa57a60e_L_CC.nii.gz,0.49278147413988305,59.76767089534008,52.43090691567332,681.0,29.45240096971307,145.29646455628193,0.2133575103616475,682.0,0.636683274280494
303fcec769b59ee1db88cdb9c04b8349_L_CC.nii.gz,0.5693583321441917,38.84906167657117,39.293765408777,670.5,22.119036961539393,107.01219330881987,0.15960058659033538,671.0,0.8577704043675212
382a5331fae3a148d8c1aa3808ac71ec_R_CC.nii.gz,0.6529277265316207,70.69139373143523,75.96051605933177,2415.5,46.15637099441767,250.40916292849045,0.1036676311026663,2417.0,0.6957580445422553
390ea4c21dce6c76df078182fcf0582f_R_CC.nii.gz,0.35725076054512456,107.91340613995008,107.46627377926528,3246.5,38.55214641651208,261.19595949289385,0.08045463098502814,3247.0,0.7732967433002438
430f18f329a4b8a72adb9b1349e36382_L_CC.nii.gz,0.4225256857636931,25.79505347396881,25.317977802344327,212.5,10.899072658399806,66.87005768508877,0.3146826244004177,213.0,0.772774355088374
450f7f9b2aa32754b076f0f53f0d8efc_L_CC.nii.gz,0.44637246847947715,128.5519038253301,138.19189556555045,5636.5,57.38203063824894,377.8477631085036,0.06703588452204447,5638.0,0.7043569953608266
481fbac8fc44c5291b7d080fde4c3e61_R_CC.nii.gz,0.4766648595916799,46.51789115522451,46.389654018972806,804.5,22.173444056006144,122.32590180780471,0.15205208428564912,805.0,0.8219578170704636
496e990aac20212a0ef74a7531a6c68f_L_CC.nii.gz,0.5815771293932467,39.197156157672026,39.6232255123179,694.5,22.796169558557718,109.15432893255081,0.15716966009006597,695.0,0.8558548045960341
556a4f260d4e3b576005ae93d01f6eb8_L_CC.nii.gz,0.5740435432215137,30.182869152936977,32.0624390837628,404.5,17.32628115314327,84.66904755831217,0.20931779371647014,405.0,0.8420531805058874
605fdc453a4af1933695ff682fc46cea_L_CC.nii.gz,0.2667567035102561,85.7634406347843,86.05230967266364,1470.5,22.877972705432605,212.16652224137098,0.14428189203765454,1471.0,0.640708652203174
670e80649fd4f8d6a4cfeeac2e1b6e83_R_CC.nii.gz,0.22799299435110812,89.9414247253015,88.20430828479978,1375.0,20.506014739326282,209.78174593052066,0.1525685424949241,1376.0,0.6265973957470029
695d09e0fdad29a27dff29500d352008_L_CC.nii.gz,0.669418145586125,122.53396302885116,125.0,7864.5,82.02645830209234,350.97770542341465,0.044628101649617224,7865.0,0.8956966708591425
733ddce3324fc373447de506341392ae_R_CC.nii.gz,0.670836108075882,90.4086280739923,89.94442728707543,4256.5,60.64937219363693,261.3797256769676,0.061407195037464495,4257.0,0.884829010157018
737b0cb7ebcce96bb85cf4926764deec_L_CC.nii.gz,0.28987532416761946,117.13765844110561,113.21660655575224,3030.5,33.95531671285138,279.82337649086344,0.09233571242067759,3031.0,0.697393802258489
766e22cf0c8162e9fb44fc601fb6ee94_L_CC.nii.gz,0.41409527305636934,65.06938827067599,67.11929677819934,1350.5,26.944926103556487,169.53910524340134,0.1255380268370243,1351.0,0.7683911239377821
766e22cf0c8162e9fb44fc601fb6ee94_R_CC.nii.gz,0.4935586105651153,81.58615486873686,83.5224520712844,2547.5,40.267549238364076,214.16652224137104,0.08406929234204948,2548.0,0.8354307259174578
780d62b9ae647ecbf1946c4948f6bfd2_R_CC.nii.gz,0.4675635548383665,51.91159112335644,52.23983154643591,982.5,24.271968082952323,132.2253967444164,0.13458055648286657,983.0,0.8403425084336377
850c3dbbdf4afbf8468d31f8051be6f6_R_CC.nii.gz,0.4197288425018628,100.23682129853441,103.23759005323593,3251.0,42.072284979699916,286.1076477383256,0.08800604359837762,3252.0,0.7064541000434115
867b3feba674e72e3e179619163606dd_R_CC.nii.gz,0.45769161003664316,26.23465169464418,26.30589287593181,241.5,12.007379972872245,66.87005768508877,0.2768946487995394,242.0,0.8238189956468206
877bde1cb8b7df49cde3fdb7020a1536_R_CC.nii.gz,0.15711019723400024,182.50452219614908,213.2510257888576,1330.0,28.673321478333957,190.8111831820434,0.1434670550240928,1331.0,0.6775275009328925
882d6a7db05470e51f85f3c77b217945_R_CC.nii.gz,0.4016478070219524,48.6778774792485,50.15974481593781,727.5,19.551362740023446,127.15432893255087,0.17478258272515584,728.0,0.751952280255727
964da212cbe653df7dd875533409a892_R_CC.nii.gz,0.41212792880748195,66.32889358570566,66.27216610312357,1415.5,27.33598953356875,163.15432893255098,0.11526268380964393,1416.0,0.8174501306145336
973bd2de8e4dba021c5bcfa1086d0c2c_R_CC.nii.gz,0.3629896377294539,46.63266205885406,47.042533945356304,601.0,16.927173107103485,133.39696961967024,0.22195835211259607,601.0,0.6514726743438701
988ab25980bffad7226b0a8d62a7f499_L_CC.nii.gz,0.2310924041477539,113.08863941274953,89.00561780022652,1073.0,26.13392556369072,194.8528137423861,0.18159628494164595,1074.0,0.5959339278127551
1785f941abfc8ffc75be624d9e6d5f17_L_CC.nii.gz,0.3991353608215306,110.24669675131759,107.16809226630845,3742.5,44.003355087219006,275.33809511662486,0.07357063329769535,3743.0,0.7876250732772445
1902f78dd41ade9f6f6de8a4e571eb1e_L_CC.nii.gz,0.5745700456068227,62.70844575726347,62.39390995922599,1763.5,36.030394538683844,178.85281374238608,0.10141923092848658,1764.0,0.8323325656702433
2109fb895eb5b829dd7c4f984ec7a954_L_CC.nii.gz,0.4636441791230545,40.622343324578985,43.04648650006177,590.5,18.834313024779316,106.6690475583122,0.18064190949756512,591.0,0.8075630984583987
2438c90cce7209733a62c5ffa6f5ef94_L_CC.nii.gz,0.4194969369482041,104.57398074215197,103.81714694596457,3527.0,43.86846460581324,294.06601717798276,0.08337567824723072,3528.0,0.7159172425351008
2438c90cce7209733a62c5ffa6f5ef94_R_CC.nii.gz,0.39241152223442516,129.52933924432787,193.08029417835473,3285.0,50.828805186885965,277.09545442950554,0.08435173650822086,3286.0,0.7332350509549005
2676b388bac007a288cca0518cf77465_L_CC.nii.gz,0.3794783513264309,108.7209496812957,112.04017136723775,3485.5,41.25724673970195,271.5807358037442,0.07791729617092072,3486.0,0.7706168748811236
3344ab85e1ba23a77fabcac9790fced5_R_CC.nii.gz,0.4098870008158388,69.22365195057937,67.60177512462228,1536.5,28.373875083542465,168.8111831820434,0.10986734993950108,1537.0,0.8231329758801151
3351b3c486668098fa8f7db0fcf5e358_L_CC.nii.gz,0.3229724082622402,139.19018603201175,137.09121051329294,4692.5,44.95458958922807,351.03657992646004,0.074808008508569,4693.0,0.6917588085789842
4128d4d93fe7371691759f212588cd92_R_CC.nii.gz,0.5383954203940005,130.40681607268746,133.73481222179961,6790.0,70.21043256169766,443.74725804511536,0.06535305714950153,6791.0,0.6582701115887369
5952ab0fbc75b3e2ecac8daf7945516b_R_CC.nii.gz,0.6783515652239143,12.46578987409435,12.649110640673518,81.5,8.456188072844324,34.97056274847713,0.4290866594905169,82.0,0.9151264654423057
6461af61eeba4ca9183bf7e0b388e451_R_CC.nii.gz,0.3852609497355135,127.65927844305595,138.2208377922808,4741.0,49.1821348555221,398.6761902332498,0.08409116014200586,4741.0,0.6122370534882715
7047eb7f28a47d9f5fee20a6b1e10954_L_CC.nii.gz,0.1718126726750256,166.27118910188227,157.01273833673497,3601.0,28.56749738844898,414.0487732352801,0.1149816087851375,3602.0,0.5137655626723276
7264c672187822499817a15b5bb3ddb3_R_CC.nii.gz,0.29172809683164813,48.81956209655594,49.16299421312742,521.5,14.24203793858273,119.25483399593914,0.22867657525587562,522.0,0.6788222926513248
7364e99bbbfc25fca6f398ca2110b55b_R_CC.nii.gz,0.4365092626586996,44.27284694013431,44.10215414239989,665.5,19.32550777363949,110.42640687119297,0.16592998778541393,666.0,0.828144307375566
9355c6b80ab80257f1c99ec644a5798e_L_CC.nii.gz,0.5111873235104036,231.72240182646388,230.26940743398808,21512.5,118.45355438707234,608.4579361637708,0.02828392498146523,21513.0,0.8545152420456127
9870e0438ed1f19cb85aaa32cf1e8830_R_CC.nii.gz,0.11067237170395079,124.28362298694168,83.00602387778854,339.0,13.754763319924493,102.66904755831226,0.3028585473696527,340.0,0.6357190825224239
11589bfe3322139c77653b72a0ea7471_R_CC.nii.gz,0.5973762003016391,58.24282273992038,60.67124524847005,1577.5,34.79287614321554,160.95331880577436,0.1020306299878126,1578.0,0.8747615387198493
13429cc3bc880f9b40b45acbf9b1a2fb_R_CC.nii.gz,0.26693030462465384,117.41489318317757,113.1591799192624,1539.0,31.34159320485678,206.40916292849025,0.13411901424853168,1540.0,0.673744556463993
22620e0e8aa2c67c600191e859561581_L_CC.nii.gz,0.5069178207163495,70.045410544651,67.08203932499369,1912.5,35.50726686447649,182.91168824543166,0.09564009842898387,1913.0,0.84754778983252
23861df5ad7384ec0b9aec5778439b4f_R_CC.nii.gz,0.29313355210930153,68.82710130566251,67.89698078707183,1073.5,20.1755326871156,167.63961030678965,0.15616172362067038,1074.0,0.6928341942701447
34317eec7ecb8de8f9c71bb55abb5ce4_L_CC.nii.gz,0.38722423108995774,172.25085141344152,166.86821147240718,8945.0,66.69970349316046,440.5340546095189,0.0492491955963688,8945.0,0.7610542545369343
48575a27b7c992427041a82fa750d3fa_R_CC.nii.gz,0.5887829008888945,24.847533689508822,24.515301344262525,283.5,14.62980296564354,67.45584412271567,0.23793948544167787,284.0,0.8848341633235789
54777ee406bf2cc437fa9d72e41c4af7_L_CC.nii.gz,0.19296017145803582,198.30426781450672,122.3315167894194,1231.0,38.264825518347465,207.9238815542517,0.16890648379711753,1232.0,0.5981768266028764
57674c2def92287668ed5bc51092fbef_L_CC.nii.gz,0.46271635184945015,44.27467946626825,43.174066289845804,648.0,20.486618161935407,119.01219330881986,0.18366079214324052,649.0,0.7582300214614105
59724bca2782a2642f92d7d21e973bef_L_CC.nii.gz,0.7277492403620459,22.46880042367897,23.53720459187964,281.5,16.351652440178785,67.11269837220806,0.23841100665082793,282.0,0.8862156822726712
64777bbe7e1f7ee9bc9387615e62acd9_L_CC.nii.gz,0.33983034432795367,156.02468759280853,167.10774967068403,4887.0,53.02192330832552,472.87720036002634,0.09676226731328552,4888.0,0.5240560346747015
77547ad019382809d3fa5a6098d76fcc_R_CC.nii.gz,0.552144525499237,84.99226492814472,86.12200647918046,3102.5,46.9280137898559,235.4802307403559,0.07590015495257241,3103.0,0.838506385797911
89524e5f372d9aff8ed43b4ef29c1435_R_CC.nii.gz,0.5242373377662864,26.696912810240246,27.16615541441225,286.5,13.995518498219017,71.69848480983495,0.2502564914828445,287.0,0.8368685887886218
94558a465834484919389cc8cea40ef0_R_CC.nii.gz,0.2371567364625379,100.3366889417921,97.082439194738,1804.5,23.79552169689223,234.8528137423863,0.1301484143764956,1805.0,0.6411912799651628
214982cc36c1c7c8ae6debcefa8dc10a_R_CC.nii.gz,0.9827709213069982,28.38745067668346,31.064449134018133,610.5,27.898361055081175,99.84062043356603,0.16353909980928097,611.0,0.8772845782784415
503975f4f83ea7956e10d5f43ed87aef_L_CC.nii.gz,0.3164948433826914,61.21659630956243,61.66036003787198,924.5,19.374737061416404,146.56854249492403,0.1585381746835306,925.0,0.735389831776937
540914fd605bd47b0972b62942b998c5_L_CC.nii.gz,0.5513652440381774,22.047882330581043,21.587033144922902,208.5,12.156436021725838,59.455844122715675,0.28515992384995525,209.0,0.8609212196897666
545806c1949f3eb9686959d85a1a26a3_R_CC.nii.gz,0.25678488548478007,170.20103916418637,154.042202009709,3892.5,43.70505435116616,414.090403795623,0.10638160662700655,3894.0,0.534101842825636
637022ad03e694da1d8f69550e6d38f0_L_CC.nii.gz,0.441708771008007,45.382777121521634,48.010415536631214,693.5,20.04597070727762,118.32590180780466,0.1706213436305763,694.0,0.7889479311008889
674410c521b869b22e6f826e98fd4db1_R_CC.nii.gz,0.44487237006777575,95.8228841441498,100.12492197250393,3144.5,42.62895357593781,252.30865786510202,0.08023808486726094,3145.0,0.7878591408752972
711543a7b6910a0e41ef126205eca9a9_R_CC.nii.gz,0.5958467139983744,28.908764701621195,29.120439557122072,389.5,17.225192453213186,77.35533905932735,0.1986016407171434,390.0,0.9044162751836031
840089a7333e2984f54f4dd213500f16_R_CC.nii.gz,0.7169734486195489,36.425232880190975,38.62641583165593,664.5,26.115924834880705,113.84062043356607,0.1713177132183086,665.0,0.8027035259399473
1560345de7d8277b170ca3842eae6c97_R_CC.nii.gz,0.3783633663015644,102.6307733357771,103.23759005323593,3017.5,38.83172488545746,272.2081528017138,0.09020982694340143,3018.0,0.7153645963355266
2000886d64b57070bd0ba6d6a0e298fc_L_CC.nii.gz,0.5421726610847014,18.910217188584536,18.439088914585774,149.5,10.252602774824538,50.14213562373093,0.3353989004931835,150.0,0.8644158093400445
63303252b1fb34780163ab8a47ba89f9_L_CC.nii.gz,0.540064130055589,41.28040321427789,42.95346318982906,698.5,22.294065050262926,117.74011537017772,0.16856136774542266,699.0,0.7957262409952618
959351048c9efa74f8cb8e4a0646038f_L_CC.nii.gz,0.3523164713768373,99.49252174079399,97.01546268507923,2626.0,35.05285418809981,257.23759005323654,0.09795795508501011,2627.0,0.7061839790863573
60279474726275dcc024f3c67b4d51a3_L_CC.nii.gz,0.29033162476882,138.06674062736073,135.29966740535616,3599.0,40.0851411328769,417.01933598375734,0.11587089079848772,3598.0,0.509964169065997
a0f14ae866385e07fa214169675a8d03_R_CC.nii.gz,0.2967943749994325,95.4700416870722,97.18538984847466,2107.5,28.33497135368436,232.02438661764006,0.11009460812224914,2108.0,0.7013827659898377
a0047350977a97f57d8dd43603907e87_R_CC.nii.gz,0.5049817184925524,79.87637770130813,80.06247560499239,2481.5,40.336110478566766,214.61017305526696,0.08648405120099414,2482.0,0.822833125276429
a07a6c74f76340994d76e75849846ef3_R_CC.nii.gz,0.6383013445111018,86.48313169116399,87.55569655939013,3711.5,55.20229923600065,266.1076477383255,0.07169814030400795,3712.0,0.8115631299565194
a1cee8cac027b6c3078a564ad2673332_L_CC.nii.gz,0.602316497139958,36.65065131794426,38.897300677553446,614.5,22.075291919722172,110.66904755831223,0.18009609041222494,615.0,0.794035104805949
a3f5fc2fc898d225bdacdc4083c37170_R_CC.nii.gz,0.343013301960016,82.73289265940438,88.09086218218096,1761.5,28.378482691805868,217.09545442950542,0.12324465196111577,1762.0,0.685323344306967
a4cd4ce2ca9f30bb98994617be1ca968_L_CC.nii.gz,0.6430834947212981,60.24792341498402,60.07495318350236,1823.5,38.744445139409045,174.12489168102815,0.0954893839764344,1824.0,0.8693546002589876
a4d12ca2beaf6714f136cdb1370b84fc_R_CC.nii.gz,0.6077932480565041,29.52547268631569,29.614185789921695,393.5,17.94538294441941,89.11269837220814,0.22646174935758104,394.0,0.7891102886210979
a8cb9adadef00fc473b1760cd7b513e4_R_CC.nii.gz,0.8425099112919584,19.149325676456805,19.72308292331602,239.5,16.13349667697244,60.28427124746187,0.25170885698313933,240.0,0.9100257382039578
a8e03a693359ffa3071f758eecadcd16_L_CC.nii.gz,0.7354246284137417,146.40169493643353,155.04837954651444,11989.0,107.66741209776859,478.4163056034279,0.03990460468791625,11990.0,0.8113167439807855
a99bdcfc5c2f77be0b8777c2540555bc_R_CC.nii.gz,0.5062236153270707,43.956711251688326,44.553338819890925,763.5,22.251925287717793,114.32590180780468,0.14973922961074615,764.0,0.8567711160819617
a187b425b23c4264a79785c062fce873_L_CC.nii.gz,0.31968850970582174,95.58013935805887,96.04686356149273,2263.5,30.5558723088526,234.61017305526696,0.10364929227093747,2264.0,0.7188666590745592
a667a343ea183c7962f39acde97cf06d_L_CC.nii.gz,0.2157039647153838,199.64101319840026,165.10905486980417,3873.0,43.0633580666912,533.0853531617402,0.13764145446985288,3877.0,0.4138394901161632
a780fc33572ac995b1ca1529be96d9bb_L_CC.nii.gz,0.4816522929698401,36.31862007733829,36.345563690772494,494.5,17.492946637750457,93.35533905932742,0.1887873388459604,495.0,0.844401350769113
a9806aea2c2a812e3495c594b70a2622_R_CC.nii.gz,0.4254394206362021,70.7606690717572,69.35416353759881,1658.5,30.10437805371841,178.71067811865518,0.10775440344808875,1659.0,0.8078154725147886
a32528da615a00d8a2a07deb4cc4cbc7_R_CC.nii.gz,0.411366181353456,77.76718493376369,79.40403012442127,1893.5,31.99078990081038,200.4680374315359,0.1058716859950018,1894.0,0.7694713390646215
aafeb37d07132ba4d84b8836daa8f56f_R_CC.nii.gz,0.4453795637250871,45.917798461626646,43.68065933568311,726.5,20.45084904605575,113.69848480983512,0.15650169966942207,727.0,0.8403652086175086
acea22e64cf11389042c5cc699125327_L_CC.nii.gz,0.4036485664122595,20.523263887481114,20.396078054371138,132.5,8.284186046282247,50.14213562373094,0.3784312122545731,133.0,0.8137856809696216
ad39689f1bea2e0aee2574488f06d231_L_CC.nii.gz,0.29739019831846086,44.93713031177357,43.104524124504614,467.5,13.363862095280862,100.87005768508881,0.21576482927291724,468.0,0.759859802515287
adbe164cf88c288b4c6f5454bbab31dd_L_CC.nii.gz,0.45683753578719233,49.623628375557935,48.16637831516918,870.5,22.669936103909283,128.08326112068536,0.1471375773930906,871.0,0.8165766237136018
aea8a489a726e3e313069846dca5640c_R_CC.nii.gz,0.4602739660197194,43.747205770128815,42.04759208325728,683.5,20.135699902097944,111.59797974644675,0.1632742937036529,684.0,0.8304583550755981
aeffdcf271f85647d0fc28fddbab0b32_R_CC.nii.gz,0.49346554109302526,24.684285229066834,24.73863375370596,233.5,12.180844167056035,63.455844122715675,0.2717595037375404,234.0,0.8536439147197413
af30b2eb2b2effefb6636f9f096c07bd_L_CC.nii.gz,0.3574739973283395,30.31077036942164,29.154759474226502,252.5,10.835312246058542,71.2132034355964,0.28203248885384713,253.0,0.7909974817130275
afa015c6fcf47f108939c6663af44990_L_CC.nii.gz,0.5660654198528586,46.73768352123607,48.16637831516918,945.5,26.456586445398532,127.39696961967012,0.1347403168901852,946.0,0.8556114760664553
b00de9442c7037259458ad13b1881b31_R_CC.nii.gz,0.3312523558231579,45.74317136183344,46.09772228646444,530.5,15.152533276429736,109.84062043356609,0.20705112240069007,531.0,0.743335114170953
b1f3e2065ae5087a53243e0b0729273b_R_CC.nii.gz,0.2932049048626504,156.81808596711508,158.66001386612822,4475.5,45.97983197673091,396.4507934888331,0.08858245860548164,4476.0,0.5981862434872312
b2da0c05f2a455ff710ff98f1a594e9e_L_CC.nii.gz,0.5225509622829435,70.89763278017736,69.2314957226839,2044.5,37.04762623286444,187.63961030678962,0.0917777502111957,2045.0,0.8542283234495435
b4af77205b86dac60f95a1e995f4c14a_L_CC.nii.gz,0.3638847569829538,58.09159604091249,57.42821606144492,956.5,21.13864630809936,139.74011537017785,0.14609525914289373,957.0,0.7845602880064902
b7e4e3564d6a1e087343250e95f38ff4_L_CC.nii.gz,0.29337207370082996,75.4716705721172,79.1580697086532,1236.5,22.141280501407927,184.95331880577436,0.14957809850851142,1237.0,0.6739689108341046
b8e1f9bb50265fc6e58d2121fd125730_R_CC.nii.gz,0.38023371570228276,39.931762980902754,39.20459156782532,455.5,15.183402612771518,95.9411254969543,0.21062815696367573,456.0,0.7885773770540643
b16e05735fea8b06a2f2b2cbcec371bf_L_CC.nii.gz,0.7820646699186763,162.07784769606863,157.8005069700348,8831.0,126.7553584595554,549.4873734152934,0.0622225538914385,8832.0,0.6062505660473639
b63e091fc26f23aa4d60c109c4ea007a_L_CC.nii.gz,0.4843820417646006,136.1278855081473,133.24038426843418,6982.5,65.93790312353417,351.52186130069873,0.05034326692455406,6983.0,0.8426710326595253
b96bf19eae6ad53b79889034d67a0011_R_CC.nii.gz,0.6161284063727431,57.68145118318764,57.706152185014034,1570.5,35.53918059476458,166.22539674441654,0.1058423411298418,1571.0,0.8451358493348873
b123bcd385130b5d089f3fc9a7d24a11_L_CC.nii.gz,0.4008832449696032,35.59969651014736,34.52535300326414,392.5,14.271321856920933,86.28427124746192,0.21983253821009405,393.0,0.8139413780662997
b5567bec32bc168570b4189426bbc4e8_R_CC.nii.gz,0.4683126159290051,24.317244838229353,25.179356624028344,214.5,11.388072542377286,62.87005768508877,0.29310050202838583,215.0,0.8257997012872474
b53265e77c40a80007ce9655f8dad662_L_CC.nii.gz,0.4279695939931841,39.45189354233345,39.6232255123179,517.5,16.88421086157477,97.59797974644665,0.18859512994482444,518.0,0.8262648560961865
b92866ae274bf695b28b2ae27e8bc1b4_R_CC.nii.gz,0.569170954733195,40.633562017405175,41.78516483155236,722.5,23.12744328765699,110.9116882454315,0.15351098719090867,723.0,0.8591055837858423
b5830688b54200e6c0b7444a6846fab2_R_CC.nii.gz,0.42871081787593823,63.7283521053656,64.19501538281614,1357.5,27.321033952977054,162.95331880577442,0.12003927720499036,1358.0,0.801514975546946
ba35b6786b649e447fd4b0c39350b8da_R_CC.nii.gz,0.23116079521234226,60.96643252176093,59.53990258641679,666.5,14.093049022989861,139.84062043356616,0.20981338399634833,667.0,0.6544427588140069
baf8826de23e6964333873b936add16d_L_CC.nii.gz,0.7160666184684136,35.30970428744047,37.64306044943742,690.5,25.284100548227144,103.49747468305843,0.1498877258262975,691.0,0.9000300716235797
bb618f1280b452945dc7afcf35e23b9b_L_CC.nii.gz,0.5804531893051952,20.616447596416705,20.615528128088304,192.5,11.966882759483502,54.62741699796949,0.2837787895998415,193.0,0.9003464014666048
bba470c7ae302b5e4bfd2ed1a4515661_R_CC.nii.gz,0.25735920391437855,111.0669115359465,110.16351483136329,2440.5,28.584091934119897,260.6101730552669,0.10678556568541975,2441.0,0.6719747793914848
bcb0736132d431b4b79b564afbb3fa8d_L_CC.nii.gz,0.4791527842675635,73.26683375136939,72.69112738154499,1998.5,35.10600738643734,187.29646455628207,0.0937185211690178,1999.0,0.8461111704333073
bf90ae111b0e4727bc583fe31114b1d6_L_CC.nii.gz,0.46069885249996656,93.56028902899968,98.08159868191383,3097.5,43.10311779522536,252.40916292849028,0.0814880267727168,3098.0,0.7816376547047087
bf435f69d73987cecb87d9d16ebc7b6e_L_CC.nii.gz,0.44612133738676635,60.304218179756575,60.03332407921454,1253.5,26.90299846441635,154.46803743153575,0.12322938765978121,1254.0,0.8125095465997033
c0ea43e5ccc3cfefde1cb6d76bd82b3e_L_CC.nii.gz,0.34668784704210565,56.00532868761342,57.3149195236284,833.5,19.416366825594174,139.98275605729708,0.16794571812513148,834.0,0.7311107913050776
c0ea43e5ccc3cfefde1cb6d76bd82b3e_R_CC.nii.gz,0.6212382005511551,92.54158962585474,92.70382947861431,4149.5,57.49037061530944,259.9238815542518,0.06263980758025106,4150.0,0.8785300732913793
c03090de258a9344e1c187f6a01bf275_L_CC.nii.gz,0.37065188124447673,66.02695925252375,65.19202405202648,1263.5,24.473016659800336,159.84062043356616,0.12650622907286596,1264.0,0.7883251797533266
c1efa130e4258fcd9fa64d4461bd8145_L_CC.nii.gz,0.6433350689645821,63.834071834471395,66.18912297349165,2053.5,41.06669700591975,180.50966799187853,0.08790341757578696,2054.0,0.8899217437991348
c3bd1aa19d378c6582c8015bf68a2526_R_CC.nii.gz,0.4790004813891746,67.83048799541255,67.26812023536856,1721.5,32.490836402665245,178.95331880577442,0.1039519714236273,1722.0,0.8218994474094709
c7efc618457fab6c75860ad3023a056e_L_CC.nii.gz,0.6661951799816277,42.44213933774949,42.190046219457976,914.5,28.274748654917335,126.32590180780467,0.1381365793415032,915.0,0.8486026422647105
c7f861a74319467948f0228c6597fc8f_R_CC.nii.gz,0.5142990673745347,32.250146987105815,32.984845004941285,412.5,16.58622051816018,85.5979797464467,0.20751025393077988,413.0,0.8411111569370338
c8b870890630948cc15263e0c38c7f05_L_CC.nii.gz,0.6686764475124639,63.333401399504,63.324560795950255,2056.5,42.34955385670124,184.16652224137087,0.08955337818690536,2057.0,0.8728881583599288
c9bf7a8ab7246729d66d3125f77250c5_R_CC.nii.gz,0.2672485890574137,54.07974131216023,54.45181356024793,607.5,14.452734562264748,123.94112549695436,0.2040183135752335,608.0,0.7049570166050615
c13b634ee7384ad3aeb8f0bea694da85_L_CC.nii.gz,0.6275633077648588,26.927218267777995,27.202941017470888,354.5,16.89853416503309,74.28427124746187,0.2095466043651957,355.0,0.8984960757313935
c38f7f72e375edbd288ae100764baeb3_L_CC.nii.gz,0.39797532930362955,93.72826725965686,84.64632301523794,2512.0,37.30153802772054,265.9655121145944,0.10587799049147865,2512.0,0.6680199374607847
c53e2c93d290d217803500267edad906_R_CC.nii.gz,0.4470957069366598,53.70050989707485,53.75872022286245,997.5,24.009267435291775,139.74011537017785,0.14009034122323594,998.0,0.8011987936558589
c488d7ef379be78343fd91eefa9cc477_R_CC.nii.gz,0.7242112232578419,35.347407405775854,37.48332962798263,694.5,25.59898915633023,123.49747468305848,0.1778221377725824,695.0,0.7564547947165028
c7360c6740dcbe8491216ada6ae8b2a0_R_CC.nii.gz,0.3630607331205502,42.97861875682399,42.190046219457976,506.5,15.603848834361147,101.35533905932736,0.20010925776767496,507.0,0.7871328292333667
c9881e07b3445a6fb8aa5f11d6d2413e_L_CC.nii.gz,0.48573567722818206,66.78842786481002,68.18357573492314,1685.5,32.44152223991908,175.53910524340137,0.10414660649267361,1686.0,0.8290780744893104
c519974ec0f6a536640dc0a96742d3ad_R_CC.nii.gz,0.3583620941819102,38.84068390300897,40.792156108742276,382.0,13.919028822939904,100.08326112068531,0.2619980657609563,383.0,0.6922694483117965
c947855a412fcf0fc4e5d31fd49dc38b_R_CC.nii.gz,0.21341054651427543,129.94758320500438,122.40914998479485,2733.5,27.732184749989262,292.50966799187864,0.10700920724048972,2734.0,0.6336132436739514
cbc4bb64487723a4b3af41c531deec7c_L_CC.nii.gz,0.4469558852815187,98.11186351436123,98.00510190801293,3335.5,43.851674813680866,252.50966799187867,0.07570369299711548,3336.0,0.8107881517887942
cc2fa527db72082028747b8f14c3d578_L_CC.nii.gz,0.5539639399760228,107.19436908929431,108.4665847162157,4900.0,59.381815043949466,312.7350647362953,0.06382348259924395,4900.0,0.7934624770522999
cc2fa527db72082028747b8f14c3d578_R_CC.nii.gz,0.49948695892623146,24.044270762125937,24.186773244895647,223.5,12.009799682573187,62.28427124746185,0.27867682884770406,224.0,0.8508741080669013
cc764da4a23a0587b8e0249548af2393_R_CC.nii.gz,0.48186325567977,85.34201317555913,89.1403387922662,2729.5,41.123180315040756,232.7523086789979,0.08527287366880304,2730.0,0.795705727031427
cca141f804a8ab8b584d63102bc7f3f7_L_CC.nii.gz,0.4775885325199172,60.46749956403464,62.96824596572466,1338.5,28.878584381936037,163.0538238691626,0.12181832190449206,1339.0,0.7953955036856704
cd03d5b75d7349d56f1bdcbd2703ddf5_L_CC.nii.gz,0.3272817419246632,94.95761357280486,99.72462083156798,2245.5,31.077893179116614,249.82337649086352,0.11125512201775263,2246.0,0.6724010577230388
cf70a8015962943d8637b8b5db34ff25_L_CC.nii.gz,0.3969047981327378,91.20221641121269,96.42095207992918,2528.5,36.19859729395064,248.16652224137107,0.09814772483344714,2529.0,0.7182790777766755
d0c9ed546f54159e70a051805c9f7499_L_CC.nii.gz,0.47257061222536756,75.39012493027775,75.16648189186454,2097.5,35.6271574940483,195.1959594928938,0.09306124409673125,2098.0,0.8317352218412483
d010dbb93a1a164ce8afc0b62d22de98_L_CC.nii.gz,0.4050713092090334,38.27486314391263,40.26164427839479,450.5,15.504048923501273,102.91168824543149,0.2284388196346981,451.0,0.7311182535367914
d05380088078c3f43c8e69921dedf68e_R_CC.nii.gz,0.4414671380954413,92.91529335817081,91.2414379544733,2940.5,41.01904864413003,236.61017305526687,0.08046596601097326,2941.0,0.8124228143306966
d06d1dcd3e83ce206ba413103f996319_R_CC.nii.gz,0.44255063124993005,76.46508901171391,74.14849964766651,2014.5,33.83967341071609,194.9533188057744,0.0967750403602752,2015.0,0.8161273554299999
d5ff475b96447b3c60216652d7f49f23_R_CC.nii.gz,0.517232739115653,23.5840824040681,23.53720459187964,224.5,12.198459541385418,60.87005768508877,0.271136114410195,225.0,0.8725883117637694
d8d0bc6e58b11efa2f86a9c0986b038e_R_CC.nii.gz,0.28458301947886366,113.19976103987985,111.28791488746656,2790.0,32.21472980101483,279.7228714274752,0.100259093701604,2790.0,0.6693897468457866
d8d9c121cc587f31710f61b20fb8c98c_R_CC.nii.gz,0.29442321645996944,46.98041659583894,46.17358552246078,484.5,13.83212536477623,113.4974746830584,0.234256913690523,485.0,0.6874887948079431
d9f85d334141f3554fb6faceccdff570_R_CC.nii.gz,0.4796960617265884,109.48527465284467,114.94781424629178,2574.0,52.51965506802346,326.8355697996836,0.12697574584292293,2577.0,0.5502751339905765
d18ff5211c7f474b5bb6e35c0e24ccd8_R_CC.nii.gz,0.48117416370000465,39.231856941645674,39.6232255123179,572.5,18.87735595429458,103.59797974644673,0.18095716986278904,573.0,0.818731295143845
d71aeaa60e6a14df6b9adccd012cbb90_L_CC.nii.gz,0.32973918011302317,44.071338256085824,45.39823785126467,492.5,14.53204694304545,105.3553390593274,0.21391947017122315,493.0,0.7467091967960895
d94fa669c37cc757ea519ca3c291ccb4_L_CC.nii.gz,0.4053808799177058,135.8781318229202,133.06013678032951,5794.5,55.08239663994943,348.24978336205663,0.0601000575307717,5795.0,0.7748578919160098
d539fcf54d3a20362f11a47d5b2e0cd0_R_CC.nii.gz,0.40264058721764245,84.46121106487567,84.8528137423857,2204.5,34.007511620274784,257.48023074035586,0.1167975644093245,2205.0,0.6464219484490914
d746c5e878799ec8f42e2e8f6ab9a992_R_CC.nii.gz,0.7352627772657473,195.3258858558357,197.80040444852483,21059.0,143.6158533062541,800.7249634685302,0.03802293382727243,21059.0,0.6424516309762969
d7169c8f349e5c37fc0cf2ce78cdd4cb_L_CC.nii.gz,0.4725797390159639,62.79784422191658,63.953107821277925,1437.0,29.676988833158493,176.3675323681475,0.122733147089873,1437.0,0.7619293049633411
d35341b652a3b13e407358ea7a9b5f8f_R_CC.nii.gz,0.40728864300676837,49.607743710015804,49.16299421312742,775.5,20.204670618279884,124.42640687119304,0.16044668842191237,776.0,0.7933836989968421
da6ce640b22100d327694fac20224427_R_CC.nii.gz,0.6133376307476964,123.16422807269518,125.39936203984452,7118.5,75.5412558389758,397.7472580451153,0.05587515038914312,7119.0,0.7519552265113048
da17728ab905a565051f16986aafda50_L_CC.nii.gz,0.07781722634115879,183.62792488824059,118.35962149314267,542.0,14.289415793585523,147.98275605729714,0.27303091523486556,543.0,0.5576907790318242
dabe91ba1df76cc06a21c8e594c2a966_L_CC.nii.gz,0.44357036253285126,22.35750967247275,22.360679774997898,171.5,9.917128670750468,57.798989873223306,0.3370203491150047,172.0,0.8031871389019289
db65dcf86c7801c681dda0d2c81ffacf_R_CC.nii.gz,0.5018076205554056,33.673454967133104,35.35533905932738,439.5,16.897596312936667,90.5269119345812,0.2059770464950653,440.0,0.8209310188933822
dd98abaf0ef843feae62a29c31caee45_R_CC.nii.gz,0.8914854637970905,14.175423325285927,14.7648230602334,137.5,12.637183837662619,46.38477631085022,0.3373438277152743,138.0,0.8961502174908919
df7c81d477ed6a29aa8e6e49c1719d03_L_CC.nii.gz,0.20563330588020906,224.69139920462837,186.09674903124989,2913.5,46.20403522129751,376.00714267493737,0.12905685350092239,2915.0,0.5088811315989543
df940c8dad05ec9fa20bd763e37d49b7_L_CC.nii.gz,0.2012169312975629,49.2516992226717,50.039984012787215,378.5,9.910275778776564,113.01219330881983,0.29857911045923335,379.0,0.6102567197155954
e3c869c841efa64b702a10a5ec702998_R_CC.nii.gz,0.3956186448798849,87.34676627136093,84.8528137423857,2309.5,34.556009306915854,225.09545442950557,0.09746501599026004,2310.0,0.7568279987246199
e4c3b57bc18e8474140b62bc2eb6c0c7_L_CC.nii.gz,0.2611325285953012,79.31047190200549,78.05767098754612,1244.5,20.710544071857285,186.95331880577447,0.15022363905646804,1245.0,0.6689123330307613
e5e997bf2edc162b99863a9fdd0c7e51_L_CC.nii.gz,0.4330790757001471,46.65109094865613,46.87216658103186,707.5,20.203611348447495,122.66904755831231,0.17338381280326828,708.0,0.7686580163784689
e6a3e149e9af887c6f26074601676a3f_R_CC.nii.gz,0.4350976203013715,31.517273581727427,31.400636936215164,330.5,13.713090733796887,84.28427124746189,0.255020487889446,331.0,0.7646173137565834
e6fec43f8825f00c0eae9e94a42d8c11_L_CC.nii.gz,0.4137699767131764,38.43811938659921,40.311288741492746,471.5,15.90453976349145,100.1837661840736,0.21247882541691115,472.0,0.7683311246446664
e7c4b9f4035d7a1601f2a943bffe28d0_L_CC.nii.gz,0.37095781407432993,42.60235095681039,42.1070065428546,523.5,15.80367498536582,103.59797974644673,0.1978948992291246,524.0,0.7829102674797501
e11cb06c657324160b15e72be89f6c28_R_CC.nii.gz,0.7983367841861982,33.82539093996223,35.510561809129406,701.5,27.004053826850416,105.01219330881986,0.14969664049724854,702.0,0.8940854766532964
e40d99a6d684824103bb3d5bc803c374_R_CC.nii.gz,0.2255515548021822,87.78926969775681,84.29116205154607,1280.5,19.80100627527715,199.3969696196704,0.1557180551500745,1281.0,0.6361743718693803
e73f90a9d1b5a67ae332508d7449643c_L_CC.nii.gz,0.5172188279295934,47.04736311756829,52.773099207835045,860.5,24.33378200884665,134.12489168102815,0.1558685551203116,861.0,0.77530214426127
e92a62df5006e9928e862c6cd293dfc0_R_CC.nii.gz,0.2718083645907654,81.45185547104066,78.23042886243178,1366.0,22.13929562846695,191.98275605729714,0.14054374528352645,1366.0,0.682445633997164
e165de82e91293d6993918776874821d_R_CC.nii.gz,0.4128680954323528,52.868313966526216,53.9351462406472,899.5,21.827640096079335,134.32590180780468,0.14933396532274007,900.0,0.7914905809074271
e480e873a319b8caa10cb1508d537252_R_CC.nii.gz,0.3801740851910135,43.46074772737003,43.01162633521314,558.5,16.522650008970317,106.42640687119291,0.19055757720893984,559.0,0.7871674381367767
e1314fcdd554aa328145271d19db6929_L_CC.nii.gz,0.3685668789275133,85.90412323213677,91.0,2075.5,31.661414586673136,234.0660171779828,0.11277572497132392,2076.0,0.6899663897882363
e8940b9ac010b3b195b77951da1d48b3_R_CC.nii.gz,0.14652541772916114,226.6949598539529,181.89282558693733,1005.0,33.21657368969586,197.68124086713232,0.19669775210659932,1006.0,0.5684895742100989
e9781ad8ecb19a1e66bb4d678c767759_R_CC.nii.gz,0.482261846551406,97.33910930357807,97.86214794290998,3552.5,46.9429385944127,270.4091629284904,0.0761179909721296,3553.0,0.7813589148078671
e70610ed4047bdef68a83b693eeae613_L_CC.nii.gz,0.6817601438069338,23.556129229939025,23.769728648009426,294.5,16.059630051337944,70.87005768508877,0.24064535716498733,295.0,0.8583902880468659
e72936f8d1ed4502f994365cdf38a12e_L_CC.nii.gz,0.4276762253650223,41.36508011007557,42.1070065428546,572.5,17.69086132339888,103.59797974644674,0.18095716986278906,573.0,0.8187312951438449
e40395270b091c226dc73cc9c6c2afe2_L_CC.nii.gz,0.49800759188235194,38.21043488314065,38.63935817272331,560.5,19.029086660930297,99.01219330881977,0.17664976504695767,561.0,0.8476255894665115
eaffca1d93f249b54f4dfb6620060fb5_L_CC.nii.gz,0.3470296999736735,43.582711792375335,44.04543109109048,483.5,15.124495397347093,108.18376618407366,0.22375132613045226,484.0,0.7205117619596819
eb00456647df18bef39de8faa2fbbdb1_L_CC.nii.gz,0.706843631894136,41.36096192166644,42.1070065428546,935.5,29.23573254334577,122.91168824543155,0.13138609112285574,936.0,0.8821321366382094
eb31b0ea6cc3f39080a2f7a9d450c743_L_CC.nii.gz,0.5573804873479994,29.80977641772618,32.57299494980466,369.5,16.61538770744712,88.18376618407365,0.2386570126767893,370.0,0.7727224152078112
eba1e3ad235efbefcd1284fd5cab3895_L_CC.nii.gz,0.6152976329458955,46.90149862694059,50.0,1041.5,28.85838108677171,134.71067811865498,0.12934294586524722,1042.0,0.8492441165557021
ec17331610c6c212dffcabe6463e2362_R_CC.nii.gz,0.4840223808590004,51.931809682170126,50.92150822589606,930.5,25.136158164680474,142.81118318204332,0.1534778970253018,931.0,0.7571830848966378
ed50faf92eb8dcce3cecb74b0aaffde2_L_CC.nii.gz,0.4583466697406085,26.592842108282298,26.68332812825267,248.5,12.188740619269014,68.28427124746187,0.274785799788579,249.0,0.8183657586509926
eecdcd023ee26cd563d3c7487058bc4d_R_CC.nii.gz,0.4926774244891668,19.498347259916354,20.09975124224178,145.5,9.606395509810993,51.2132034355964,0.3519807796260921,146.0,0.8349384982692385
f1cfe4acbb620d11c48b097b1a4c6941_R_CC.nii.gz,0.5242443270899328,80.86258689422371,83.2946576918352,2682.5,42.39175245311354,215.58073580374418,0.08036560514585057,2683.0,0.8516572492156087
f3c0848a2c67160b8aa61b5c423c7528_L_CC.nii.gz,0.25527443466923583,46.09042599240354,46.2709412050371,422.5,11.765707438875067,105.35533905932746,0.24936174925284607,423.0,0.6916107571173167
f3c0848a2c67160b8aa61b5c423c7528_R_CC.nii.gz,0.3846574681189059,29.13370051994155,29.154759474226502,254.5,11.206495478935167,70.62741699796949,0.27751440863642235,255.0,0.8007104600306854
f3c855dd2fc8d2169ac1af3316429209_L_CC.nii.gz,0.4150552160959527,19.89800480160209,20.223748416156685,126.5,8.25877068280726,50.62741699796949,0.40021673516181416,127.0,0.7875251361364095
f4ebffd32951c28079a13be22815f602_R_CC.nii.gz,0.4298917941758022,39.42445673287487,39.11521443121589,521.5,16.948250439301866,98.1837661840736,0.1882718431142351,522.0,0.8245033060873552
f94c1fdca07b8a6ac207676f54f96003_L_CC.nii.gz,0.5541431748550824,77.68098814027474,78.0,2576.5,43.04638939393183,224.65180361560962,0.08719262705826106,2578.0,0.8009586496349033
f290c2c0bb608ab0287c35c4693696e6_L_CC.nii.gz,0.4763459815289961,38.42728523670094,42.42640687119285,544.0,18.30468290357101,107.74011537017772,0.19805168266576786,545.0,0.7674091014254921
f1702c9e0f4c381fca530589c88356e2_R_CC.nii.gz,0.3396612843472533,44.72530786186229,43.41658669218482,511.5,15.19145551118645,105.11269837220814,0.205498921548794,512.0,0.7627330512513875
fa9226b8d31971dc665bf1f4066f8e59_L_CC.nii.gz,0.6720337186517001,38.1029854368105,39.319206502675,750.5,25.606490994831333,113.49747468305846,0.15122914681286936,751.0,0.8556459158165621
fa9226b8d31971dc665bf1f4066f8e59_R_CC.nii.gz,0.4929083419784683,165.4100808456578,164.3684884641822,10570.5,81.53200869615759,454.6761902332499,0.04301368811629061,10571.0,0.801586667159833
fbdc572b430c0b423d0a88e8684233b0_L_CC.nii.gz,0.4229992476275125,28.47383383293667,28.284271247461902,262.5,12.044410288403022,75.59797974644664,0.2879923037959872,263.0,0.7597302101286003
fbf34660e76f998c4355527859d19f92_R_CC.nii.gz,0.4043163103991719,36.07934218693591,35.6931365951495,402.5,14.587466514651116,89.0121933088198,0.22114830635731628,403.0,0.798984532557931
fcfdac68cdf5c9515a810d8adf71e2cc_L_CC.nii.gz,0.4485489415009773,117.93833263335662,117.15374513859982,4249.5,52.901114265082285,363.5218613006987,0.0855446196730671,4250.0,0.6356869785809074
fda9ea98f65af22d698f4c0110d46e10_R_CC.nii.gz,0.5640415960631107,103.36956222960232,99.92497185388645,4646.5,58.30473286432993,288.1665222413711,0.06201797530213518,4647.0,0.8385411457297218
fe23c1647f7617ef219a0a0e07c9eec5_L_CC.nii.gz,0.7170504202344479,37.619853632337865,39.11521443121589,792.5,26.975331856226287,109.15432893255085,0.13773416900006416,793.0,0.9142471253323673
fe61ad0161113db6541d2eb036a643ed_L_CC.nii.gz,0.48571280377619247,29.94961153083446,29.274562336608895,338.5,14.546909788649389,75.45584412271567,0.2229123903182147,339.0,0.8643534834802098
fe787609c066851ac11d96909ba2b644_R_CC.nii.gz,0.5657828515651314,22.441617219197493,23.08679276123039,220.5,12.697082184010712,61.69848480983495,0.27981172249358255,221.0,0.853168338403995
fe1802777aad12f3596b17d1cbbf6698_L_CC.nii.gz,0.4960686945466814,71.2170446465256,73.06161783043132,1948.5,35.328546367274676,192.50966799187864,0.09879890582082558,1949.0,0.812835367510667
ff84823721d5396ddf0558a3c95e659d_R_CC.nii.gz,0.49004354653100696,23.14749850901215,23.769728648009426,203.5,11.343282262677508,60.3847763108502,0.2967310875226054,204.0,0.8374515234450848
0e724925c58d762192f1520471ca16e1_R_CC.nii.gz,0.3715771593522253,53.83190145643119,54.147945482723536,835.5,20.002705025709623,130.08326112068545,0.15569510606904302,836.0,0.787692559558006
04bcbfd7491cb850f6f8a01a3c3c1361_R_CC.nii.gz,0.2844215848424816,26.56943759789067,25.179356624028344,155.5,7.556921549965481,60.38477631085021,0.38832653576109455,156.0,0.7320532395474223
1da5e2e33cf1147ef5fb7460634e0ac9_R_CC.nii.gz,0.6188333826583977,33.776667560588095,32.984845004941285,550.5,20.9021294414469,93.94112549695433,0.17064691280100697,551.0,0.8853761819126422
4d7251459f544291749639dd9265b804_L_CC.nii.gz,0.4343096331176426,48.9135304161258,49.25444142409901,814.5,21.24361744951625,120.08326112068538,0.14743187369022145,815.0,0.8424963009313559
4ff54ff1105c5f62650c4692d67d2b97_L_CC.nii.gz,0.5515018047784838,19.669772563820388,20.615528128088304,162.5,10.847915068529248,55.455844122715675,0.3412667330628657,163.0,0.8148624293510549
5e577744b5233e2dfae046a1e68c6ca5_L_CC.nii.gz,0.4646229359837183,22.74355273214271,22.360679774997898,184.5,10.567176245108664,58.04163056034259,0.3145887835248921,185.0,0.8295900083046963
6f5b2b4ac3e753f425fa9fb4a521d08d_L_CC.nii.gz,0.5392994136211382,66.50064735183226,67.08203932499369,1853.5,35.863760122269234,178.36753236814755,0.09623282026876048,1854.0,0.8556288568140679
6f5188b8ccefeb7c3d2d3e9e50a7b28a_R_CC.nii.gz,0.6695760926584939,30.750542502802567,33.06055050963308,487.5,20.58982809615549,92.91168824543152,0.19058807845216721,488.0,0.8424068517864399
7e6403be5452b4fff44c3993aab88707_L_CC.nii.gz,0.4667559679535555,52.51743766910057,51.24451190127583,1000.5,24.512827453681556,134.66904755831231,0.13460174668496983,1001.0,0.8326177975918682
7fd8b8221c97ba86ff9cc98dcbd98fb8_L_CC.nii.gz,0.48763456338612965,50.39436178882035,52.23983154643591,936.5,24.57403260801407,142.56854249492412,0.15223549652421156,937.0,0.7609131912264065
8ca2d99d2e5d26575b941f2fc02212e2_L_CC.nii.gz,0.3820815840692924,128.30776168379643,129.2594290564522,4895.5,49.02403283253019,335.1787155501912,0.06846669707898911,4896.0,0.7399920042216379
9bdc7619f953b8bce849ca1949212e33_R_CC.nii.gz,0.4366216094163602,26.437776696677318,26.076809620810597,238.5,11.543304610693594,64.62741699796949,0.2709744947503962,239.0,0.8470954034012216
44c63ecd23616c4fce7e817470401d5d_L_CC.nii.gz,0.5655701036635983,29.973236285237256,31.04834939252005,391.5,16.95196635297516,83.11269837220806,0.21229297157652122,392.0,0.8439241844116848
55dfb11244b9a73d5ec8131783f5b7f7_R_CC.nii.gz,0.30724013588140664,66.41599263095682,66.48308055437865,1011.5,20.405658600633675,163.15432893255098,0.1612993859936243,1012.0,0.6910178631783022
66a1867c10dc043ac2d6fdb76bef9115_L_CC.nii.gz,0.6577459448373211,22.424630145408578,22.80350850198276,255.5,14.749709542619236,63.69848480983495,0.24930913819896264,256.0,0.8895518809176396
99f8ee0074c65cc7c5b115e182cc9504_R_CC.nii.gz,0.5192034080423614,186.1048661313493,204.02205763103166,13738.5,96.626280748664,695.1269837220832,0.05059700722219188,13743.0,0.5977374184615661
112accee625e15fe60e48dd52afdbbcb_L_CC.nii.gz,0.6174427726475028,70.647979627021,75.92759709091287,1898.0,43.621084422852135,254.4507934888331,0.13406258877177718,1898.0,0.6069448441218246
269a9c5817814c1b918ecacda31d427c_L_CC.nii.gz,0.5203564680647328,212.34080584214536,209.093280618962,17845.0,110.49291175403793,629.2447327281741,0.035261682977202245,17845.0,0.7525643118040384
387aa7aa83525008e52e109531fe35fe_L_CC.nii.gz,0.3389536949390222,67.09669224738431,66.12110101926616,1182.0,22.742671755437353,160.66904755831234,0.13592982026929978,1183.0,0.7585451765137187
387aa7aa83525008e52e109531fe35fe_R_CC.nii.gz,0.4806320954468094,75.98132529906862,74.43117626371358,2122.0,36.519063593317014,210.6101730552668,0.09925078843320774,2123.0,0.7753508669229152
1450d8b315129d9207bcbb2131eb7d31_R_CC.nii.gz,0.4456864600021181,55.802488094040264,57.42821606144492,1073.5,24.870413377943148,144.2253967444164,0.13435062575166876,1074.0,0.8053120806489457
2486fafb68786b7f8ed662783ee25a49_L_CC.nii.gz,0.34990929120553316,91.03976398751684,91.26883367283708,2261.5,31.85565928839104,220.6101730552669,0.09755037499680164,2262.0,0.7641483729771513
4152e212d727057984702e2dfbdee234_R_CC.nii.gz,0.6368376243123351,81.9786229488759,82.71033792700887,3314.0,52.207071483158806,255.33809511662488,0.07704830872559593,3315.0,0.7992185767769707
39990d7da039240a5de01d68d3166d61_L_CC.nii.gz,0.3303618643035236,72.58653652907121,72.00694410957877,1343.5,23.979823531079784,184.46803743153583,0.13730408442987407,1344.0,0.7043729024314139
55432d803774825408dadf24883cb347_L_CC.nii.gz,0.3481748986992849,53.86470241635249,51.35172830587107,778.5,18.754337307280657,129.59797974644678,0.16647139338015002,779.0,0.7631958654127795
146078e6ec74effe3e2a62a47f2eddfc_R_CC.nii.gz,0.5195237061083652,59.711825912052895,58.54912467321779,1435.5,31.021709096327232,159.15432893255095,0.11087030925290906,1436.0,0.8438943411589505
a0d75cb5a7be01a0d63f5d9ec553443e_R_CC.nii.gz,0.245529368998592,79.18663029209729,79.22752047110903,993.5,19.44264336874344,197.29646455628207,0.1985872818885577,994.0,0.5663299957809458
a0da8d047c71765cdf217a8a52606741_L_CC.nii.gz,0.555340994444061,66.34170834585207,64.38167441127949,1833.5,36.842270285903346,188.1248916810282,0.10260424962150434,1834.0,0.8068617471066822
a384c133416b47e3a4eb4df1f519748a_R_CC.nii.gz,0.5207612402718048,100.46477503080482,99.29753269845128,4075.5,52.31816084866977,273.62236636408693,0.06713835513779584,4076.0,0.8270728911849391
a8432d0a79bd841ef36623194d839d7d_L_CC.nii.gz,0.48774717638598236,94.53889590391441,98.71676655968832,3405.5,46.111079535782565,248.55129855222137,0.07298525871449754,3406.0,0.8322989330065127
abcfe29c06bed0b1270a19d2813b9a10_L_CC.nii.gz,0.3466114018140077,89.51322060931899,87.93179174792243,2069.5,31.02630287628258,232.752308678998,0.11246789498864362,2071.0,0.6928570652159738
b97d038694c1a91de191bae204dd1f2d_R_CC.nii.gz,0.5593738271933059,78.04877936562661,79.40403012442127,2564.0,43.65844442151647,247.96551211459453,0.09671041814141752,2564.0,0.7238901389184655
b7357809d8e2bb3ad964b4c2c53e6c7e_L_CC.nii.gz,0.37293742164986915,38.84746411991718,37.12142238654117,419.5,14.487673106517716,96.18376618407362,0.22928192177371542,420.0,0.7548647338045277
ba17277e8fa722e9405d0d3d0c1ac174_L_CC.nii.gz,0.3326851419869308,25.877294776757115,25.179356624028344,170.5,8.608991487043102,60.62741699796949,0.35558602344850143,171.0,0.7634806910995022
bac0233f881d0c619ee06c6ea6b68a4c_R_CC.nii.gz,0.38259827244683003,122.34355788860299,122.40914998479485,4393.0,46.80843389317825,385.362481734265,0.0877219398439028,4393.0,0.6096998714743416
bb639e3af9d507ccb4a584be23bb9349_L_CC.nii.gz,0.4906946616755125,38.80304653901174,38.3275357934736,576.5,19.040447793439533,103.01219330881985,0.17868550443854267,577.0,0.8262585255338509
bb639e3af9d507ccb4a584be23bb9349_R_CC.nii.gz,0.37991259186337256,120.7456294019397,119.07980517283357,4318.5,45.872785022265155,305.7228714274752,0.07079376436898811,4319.0,0.7619798099082035
d2df932837bbafb9d7bd1bca86df397a_L_CC.nii.gz,0.18414758993274108,155.06331873744472,134.3726162579266,1211.0,28.554536432472897,188.85281374238608,0.15594782307381178,1212.0,0.6532110814679216
e0d2978ba3e8b01349861aaeabaa98f9_L_CC.nii.gz,0.3453389806968622,71.54192238872129,69.87131027825369,1379.5,24.706214554815034,169.39696961967027,0.12279591853546232,1380.0,0.7772489563114197
e1b3a40c60b61bc218029c3554db7467_R_CC.nii.gz,0.5303338823518864,232.55057812778725,235.77955806218657,22104.5,123.32945094168508,685.1686142824259,0.030996793154444837,22105.0,0.7692151317644065
e550b46eb0ee01ace4eedb439b3a0228_L_CC.nii.gz,0.5145840395469762,59.152249397409975,61.66036003787198,1383.5,30.438803443209416,161.3969696196703,0.11665845292350582,1384.0,0.8169568857202762
e315902ce49832b4714312a985617af2_L_CC.nii.gz,0.2829887785175204,69.60525011672881,71.06335201775947,1032.5,19.697504708939583,173.39696961967033,0.16793895362679936,1033.0,0.6569139113409529
ecf23dfece05e009f4bbdd8fc386efde_R_CC.nii.gz,0.34323374646567156,108.42084213716905,102.39628899525607,2998.5,37.21369184170368,288.450793488833,0.09619836367811674,3000.0,0.6729537547490662
ef56ed33aa6eb0b72bf6217ee9bca9d8_L_CC.nii.gz,0.35301990015180107,63.69512849648786,62.80127387243033,1114.5,22.485647901986283,154.08326112068542,0.13825326255781553,1115.0,0.7680500236139044
f2b2d7d20e97526e1ce2e9b674d19640_L_CC.nii.gz,0.4333434569549712,103.55631887977292,101.92153844992725,3552.5,44.87545321289215,262.40916292849033,0.07386605571526822,3553.0,0.8051800011171376
