ID,Shape_Elongation,Shape_MajorAxisLength,Shape_MaximumDiameter,Shape_MeshSurface,Shape_MinorAxisLength,Shape_Perimeter,Shape_PerimeterSurfaceRatio,Shape_PixelSurface,Shape_Sphericity,Hist_10Percentile,Hist_90Percentile,Hist_Energy,Hist_Entropy,Hist_InterquartileRange,Hist_Kurtosis,Hist_Maximum,Hist_MeanAbsoluteDeviation,Hist_Mean,Hist_Median,Hist_Minimum,Hist_Range,Hist_RobustMeanAbsoluteDeviation,Hist_RootMeanSquared,Hist_Skewness,Hist_TotalEnergy,Hist_Uniformity,Hist_Variance,GLCM_Autocorrelation,GLCM_ClusterProminence,GLCM_ClusterShade,GLCM_ClusterTendency,GLCM_Contrast,GLCM_Correlation,GLCM_DifferenceAverage,GLCM_DifferenceEntropy,GLCM_DifferenceVariance,GLCM_Id,GLCM_Idm,GLCM_Idmn,GLCM_Idn,GLCM_Imc1,GLCM_Imc2,GLCM_InverseVariance,GLCM_JointAverage,GLCM_JointEnergy,GLCM_JointEntropy,GLCM_MCC,GLCM_MaximumProbability,GLCM_SumAverage,GLCM_SumEntropy,GLCM_SumSquares,GLSZM_GrayLevelNonUniformity,GLSZM_GrayLevelNonUniformityNormalized,GLSZM_GrayLevelVariance,GLSZM_HighGrayLevelZoneEmphasis,GLSZM_LargeAreaEmphasis,GLSZM_LargeAreaHighGrayLevelEmphasis,GLSZM_LargeAreaLowGrayLevelEmphasis,GLSZM_LowGrayLevelZoneEmphasis,GLSZM_SizeZoneNonUniformity,GLSZM_SizeZoneNonUniformityNormalized,GLSZM_SmallAreaEmphasis,GLSZM_SmallAreaHighGrayLevelEmphasis,GLSZM_SmallAreaLowGrayLevelEmphasis,GLSZM_ZoneEntropy,GLSZM_ZonePercentage,GLSZM_ZoneVariance
0e724925c58d762192f1520471ca16e1_R_CC.nii.gz,0.3715771593522253,53.83190145643119,54.147945482723536,835.5,20.002705025709623,130.08326112068545,0.155695106069043,836.0,0.787692559558006,92.0,185.0,17109681.0,6.422288898943953,55.0,2.3147088795994883,231.0,29.6763982051693,138.55861244019138,138.0,50.0,181.0,22.42330696422618,143.05986718184147,0.0042843944289492,17109681.0,0.0136272063368512,1267.6365167349652,4731.085221339962,12671814.366241008,-5339.072645967192,2332.5006106821875,102.87712816906128,0.9150322098420628,7.912268803728181,4.275491336513321,35.32082291164315,0.2129738733221511,0.1257175047331607,0.9938489348656808,0.943743627788855,-0.4469343741306107,0.9982398152968024,0.1194517365748581,64.60192139712775,0.0011998064747823,9.933008168317814,0.9287195019607736,0.0045827491404851,129.20384279425542,7.345621685906338,608.8444347128118,8.874635568513119,0.012936786543022,639.6040595330177,4587.326530612245,1.793002915451895,8431.556851311954,0.0069748869577067,0.002135775691751,492.1545189504373,0.7174264124641944,0.8718011013929381,3989.9637289439584,0.000955694394545,7.028760116590248,0.8205741626794258,0.3078734200885685
04bcbfd7491cb850f6f8a01a3c3c1361_R_CC.nii.gz,0.2844215848424816,26.56943759789067,25.179356624028344,155.5,7.556921549965481,60.38477631085021,0.3883265357610945,156.0,0.7320532395474223,90.5,209.5,4280914.0,6.193877020305584,67.0,2.2974696278290168,230.0,36.63938198553584,159.5897435897436,164.0,61.0,169.0,26.902965660770032,165.6555354048165,-0.4608740670679407,4280914.0,0.0156969099276791,1972.8701512163052,6946.34108746491,38557258.507676825,-140464.59148891474,3947.109276038976,462.63958249410746,0.7878761921287928,16.43566207397325,4.893290418242987,148.6246200799769,0.1506196886136367,0.0857345593836222,0.973943968131912,0.8938634138384607,-0.7005193428346772,0.9999023057579468,0.0847060899879394,77.9368787900085,0.0042262356252633,7.933231499611957,0.9805746517587604,0.0092008669869066,155.873757580017,6.517501534849291,1102.4372146332707,2.1654676258992804,0.015578903783448,1120.8672428963305,6504.625899280575,1.4388489208633093,10752.697841726618,0.0113393082034981,0.0111937678697546,114.97122302158272,0.8271311008746959,0.9265087929656276,5897.434302557953,0.0111605423028125,6.340244447129755,0.8910256410256411,0.1792867863982195
1da5e2e33cf1147ef5fb7460634e0ac9_R_CC.nii.gz,0.6188333826583977,33.776667560588095,32.984845004941285,550.5,20.9021294414469,93.94112549695431,0.1706469128010069,551.0,0.8853761819126422,116.0,172.0,11206148.0,6.266619785687613,29.0,2.547784660772153,193.0,16.79435838485381,141.0852994555354,139.0,94.0,99.0,12.390300728326416,142.6107873220573,0.2155471980942466,11206148.0,0.0146936274913455,432.7749381589652,4598.309759123471,16173884.44149748,33719.23101168784,2549.247216331608,213.3037642362193,0.8442633747415074,11.010930133122317,4.740035776242207,83.79177379401688,0.1749388093779299,0.0948712135948958,0.9877066262282188,0.924764052488206,-0.4618162555415493,0.9983691412770184,0.0857714376350219,63.35604274656633,0.0014266419755001,9.597401421447362,0.8799021500877034,0.0043450121799725,126.71208549313306,7.265216646729864,690.6377451419561,6.815513626834382,0.0142882885258582,741.9727858866343,4486.027253668764,1.528301886792453,6838.9958071278825,0.0054399852856479,0.0051300605410171,369.4821802935011,0.7745957658144677,0.9017732354996506,4033.037342767296,0.0050673975901878,6.703927496110657,0.8656987295825771,0.1939620883491775
4d7251459f544291749639dd9265b804_L_CC.nii.gz,0.4343096331176426,48.9135304161258,49.25444142409901,814.5,21.24361744951625,120.08326112068538,0.1474318736902214,815.0,0.8424963009313559,83.4,209.6,22819204.0,6.537760908789597,71.0,2.334294996503452,231.0,39.14621400880726,160.7803680981595,175.0,49.0,182.0,29.71781567292196,167.3290868704047,-0.7206555682660325,22819204.0,0.0131506643080281,2148.696547103768,7619.005063511679,30210169.81985421,-156631.13783733686,3477.693934033696,173.21584963218413,0.9034480592289036,9.410425062514694,4.57444343749819,78.61820532756163,0.20985920188602,0.1262009375402021,0.9898974074045768,0.9353347107584692,-0.4735299699818016,0.9988632044644592,0.1270244337061274,82.41384985901013,0.0012764824122363,9.87850413096523,0.9401738829201696,0.0046908771009612,164.82769971802009,7.364382048291684,912.7274459164706,8.201166180758017,0.0119550527416297,1083.1489515422993,6807.416909620992,1.7565597667638484,14618.816326530612,0.004525640214574,0.0042371989681521,524.6822157434402,0.7648428800924785,0.8961315473711352,5804.460487528345,0.0041731778135595,7.072289339333041,0.841717791411043,0.3451049307686423
4ff54ff1105c5f62650c4692d67d2b97_L_CC.nii.gz,0.5515018047784838,19.669772563820388,20.615528128088304,162.5,10.847915068529248,55.45584412271568,0.3412667330628657,163.0,0.8148624293510549,137.2,221.8,5557759.0,6.116409004288608,56.5,1.9295467696764423,235.0,28.39745568143325,181.78527607361963,181.0,100.0,135.0,22.835166155880056,184.6528661613328,-0.2324377001098757,5557759.0,0.0166735669389137,1050.794384432986,7236.4146170042595,17075131.754353005,-34926.25463086886,3048.25008085236,253.3037133251568,0.8436486172575188,12.295922463468788,4.6992922435048605,88.05384970922134,0.1746413264668782,0.1014396592094482,0.9852181123096037,0.9168461165969292,-0.6801558399299859,0.9998665657603124,0.0920366613017451,80.84880163503337,0.0041263609856525,7.987872252844921,0.9479568239671714,0.0105073115533589,161.69760327006674,6.485813264059275,825.3884485443797,2.20863309352518,0.0158894467160084,915.7128513016924,6424.769784172662,1.618705035971223,13057.89928057554,0.0076557824234276,0.0075757945116111,106.66906474820144,0.7674033435122406,0.8975319744204636,5375.911870503597,0.007560629371052,6.32023927410007,0.852760736196319,0.2435691734382278
5e577744b5233e2dfae046a1e68c6ca5_L_CC.nii.gz,0.4646229359837183,22.74355273214271,22.360679774997894,184.5,10.567176245108664,58.04163056034259,0.3145887835248921,185.0,0.8295900083046963,145.4,202.0,5870597.0,5.915894366468797,30.0,2.6045849688017286,217.0,17.70781592403214,176.87027027027028,180.0,116.0,101.0,13.383829639889196,178.13746589854915,-0.5898455064020315,5870597.0,0.0203652300949598,449.8642512783054,7091.733082729248,12574400.505172364,-66828.12269743496,2114.0543800217506,369.7166660512351,0.6994243563117428,14.692279588592172,4.945162945957543,133.24792897092564,0.1548940280429023,0.0857513477103325,0.9789623368437964,0.9033250374350594,-0.6027876715251202,0.9995542291719384,0.0771439049828218,81.57800604882283,0.0038126854877717,8.146991370289241,0.9059982779813598,0.0137898121610316,163.1560120976456,6.5081986906148055,620.9427615182464,2.925925925925926,0.0180612711476909,755.5142508763907,6482.827160493827,1.5493827160493827,11327.58024691358,0.0081117564511354,0.0080323042915393,132.4320987654321,0.8174820911446425,0.9212002743484226,5834.950109739369,0.008018571839473,6.2486885462765205,0.8756756756756757,0.2452751105014479
6f5b2b4ac3e753f425fa9fb4a521d08d_L_CC.nii.gz,0.5392994136211382,66.50064735183226,67.08203932499369,1853.5,35.863760122269234,178.36753236814755,0.0962328202687604,1854.0,0.8556288568140679,128.3,201.0,52246343.0,6.212310909034514,35.0,3.692665586638458,242.0,21.98007631535768,165.3705501618123,167.0,59.0,183.0,14.372736774077422,167.86999740931958,-0.4056283601558171,52246343.0,0.0174543161001199,832.9171693844846,6088.868628964826,8546910.51179997,-23429.159852652,1509.6718458666564,55.70920586123082,0.9287021257374865,5.716185728094096,3.913780734804576,21.35942330065006,0.2617029473392652,0.1687249686188741,0.996645446960962,0.9584276045236482,-0.3533366983764142,0.9929486917701434,0.1617478956407898,75.66608105328947,0.0012029136492077,10.182829773444125,0.9489179612533806,0.0061279596265843,151.33216210657906,7.170022121365152,391.3452629319714,21.912429378531076,0.0154748795046123,440.3768293753391,6033.430790960452,2.2570621468926557,13435.750706214689,0.0014160622867837,0.0010681431562162,915.8276836158192,0.6467709630055221,0.8319632097777907,5011.581604041157,0.0010228730429801,7.156359549551307,0.7637540453074434,0.542737958441061
6f5188b8ccefeb7c3d2d3e9e50a7b28a_R_CC.nii.gz,0.6695760926584939,30.750542502802567,33.06055050963308,487.5,20.58982809615549,92.91168824543152,0.1905880784521672,488.0,0.8424068517864399,91.0,152.0,7464452.0,6.111367955665305,29.0,3.0792974827949853,204.0,18.137714995968825,121.52049180327867,121.0,58.0,146.0,12.512624947938358,123.67703180753212,0.070844104316874,7464452.0,0.0175104138672399,528.7782686105886,3566.601549472463,5588005.803788767,270.5360483978343,1410.2229660032872,82.61043618316555,0.8886358941283139,6.814662180674236,4.129583593495964,33.97860341661727,0.2387315698330876,0.1496824722277887,0.9950646406988134,0.951226566127973,-0.4766773457727612,0.9984255415623402,0.1547288702631546,56.87397465818336,0.0019026210583325,9.255140956246407,0.9211887290162724,0.0085264424261241,113.74794931636671,6.914019403023081,373.2083505466132,6.353535353535354,0.0160442811957963,422.43102744617903,3641.560606060606,2.0,6697.843434343435,0.0039263023317364,0.0032879422379082,284.32828282828285,0.7180007142128354,0.8720791245791245,3203.797593995511,0.0032127393264001,6.730658006362179,0.8114754098360656,0.4813794510764208
7e6403be5452b4fff44c3993aab88707_L_CC.nii.gz,0.4667559679535555,52.51743766910057,51.24451190127583,1000.5,24.51282745368156,134.66904755831231,0.1346017466849698,1001.0,0.8326177975918682,113.0,203.0,25625255.0,6.452989847080652,54.0,2.3514629206158744,236.0,28.68181169479871,156.24675324675326,153.0,60.0,176.0,21.33254314723937,159.99892294842283,0.1150203215259735,25625255.0,0.0135239385988636,1186.6074445035483,5744.625362802967,12156370.541652745,13949.749859866624,2312.891095052149,89.96447804581416,0.9245605064207054,7.362989093045623,4.233106878633588,32.83865221638092,0.2238082354701119,0.135030046853652,0.9946090336005632,0.9473677052516758,-0.427627197409522,0.9978303515820764,0.127557752595767,72.03220305515549,0.0011093931526348,10.087943602786453,0.9387729198598592,0.0048527113696622,144.06440611031104,7.367457583142452,600.7138932744904,10.235148514851485,0.01266726301343,612.52366036418,5505.768564356436,1.879950495049505,10813.517326732674,0.0019289490288753,0.0016655439325417,555.5990099009902,0.6876225370061758,0.8558895315551964,4660.275227199378,0.0016173383829875,7.139526657038939,0.8071928071928072,0.3451729609842172
7fd8b8221c97ba86ff9cc98dcbd98fb8_L_CC.nii.gz,0.4876345633861296,50.39436178882035,52.23983154643591,936.5,24.57403260801407,142.56854249492412,0.1522354965242115,937.0,0.7609131912264065,155.0,231.0,35258446.0,6.505091082245311,45.0,2.0781944633370766,251.0,24.029124035131083,191.92102454642475,191.0,112.0,139.0,18.99077759207378,193.98215873687383,-0.0028441177431795,35258446.0,0.0124047659997106,795.3982452683407,6222.708519121841,12984700.270045552,572.622271929067,2540.36784938562,112.9374983548976,0.9149942693024908,8.049455688492642,4.348220765736656,43.35847487270524,0.2203639019580978,0.1362986124356756,0.9932931774655972,0.9431290919444556,-0.4358056478892519,0.998158510497302,0.1348340081829818,74.93873984835949,0.0010292316753619,10.148131728946112,0.929202622937887,0.0039428534407902,149.8774796967189,7.398531589568091,663.326336935129,9.102228047182177,0.0119295256188495,666.0218939861106,6139.1127129750985,1.8492791612057664,11367.19134993447,0.0018891412936367,0.0016311619839974,540.0301441677589,0.7077721417663942,0.8667791612057667,5301.728971530508,0.0015945089512897,7.138857487528034,0.8143009605122732,0.3411792795562801
8ca2d99d2e5d26575b941f2fc02212e2_L_CC.nii.gz,0.3820815840692924,128.30776168379643,129.2594290564522,4895.5,49.02403283253019,335.1787155501912,0.0684666970789891,4896.0,0.7399920042216379,164.0,250.0,226381364.0,5.99636552786555,38.0,5.8472354676416245,255.0,27.25891016809774,211.7765522875817,220.0,46.0,209.0,16.94053685361955,215.03028552464525,-1.5918741748165632,226381364.0,0.0208340842464436,1388.7155939956322,11053.353550507472,21548451.205939133,-132062.34115916392,1879.57604728387,37.92281735385294,0.9601331736952016,4.289526840333801,3.613485293666454,18.48330239450924,0.3495772939309776,0.2651322373266602,0.9977213924587196,0.968584894759758,-0.3582341831776611,0.9916039657934244,0.2187350964431066,102.92174486793472,0.0033368429638198,9.7613365208747,0.9633275226016884,0.0420888652452178,205.8434897358695,6.965154789612282,479.3747161594305,55.86788874841972,0.0176573605399556,562.076948956417,10108.429203539825,22.756637168141594,356922.91845764854,0.0035670906708728,0.0007440331847208,1829.224399494311,0.5781366622927658,0.7889212470370922,7746.017330159874,0.0003807003482649,7.291129435760609,0.6462418300653595,20.362164585467674
9bdc7619f953b8bce849ca1949212e33_R_CC.nii.gz,0.4366216094163602,26.43777669667732,26.0768096208106,238.5,11.543304610693594,64.62741699796949,0.2709744947503962,239.0,0.8470954034012216,108.0,170.0,4896417.0,6.119314547518904,39.0,1.9631665810130872,181.0,20.67120673657674,141.17573221757323,144.0,81.0,100.0,16.942888379841737,143.13315625112875,-0.2826468222350983,4896417.0,0.0165788414068381,556.5130512421,7282.760377804972,17344464.335190646,-58674.09591877188,2876.373868810293,398.986014821325,0.7529728077581233,14.43357813304614,4.990191560555655,175.60296735699782,0.1585132914580956,0.0860525591510359,0.9779754221944096,0.9061277326128984,-0.583923939590909,0.9995701812545624,0.087341780010961,81.62061087451866,0.002788224078575,8.560651125049295,0.8849770983433495,0.0075250553944619,163.24122174903738,6.869912438622328,818.8399709079038,3.330188679245283,0.0157084371662513,908.8022427910288,6750.952830188679,1.400943396226415,10138.325471698114,0.0052296369965207,0.005139182152026,167.46226415094338,0.7899163403346386,0.9102463312368974,6029.418894129979,0.0051175013002544,6.414448773055805,0.8870292887029289,0.1300062299750801
44c63ecd23616c4fce7e817470401d5d_L_CC.nii.gz,0.5655701036635983,29.973236285237256,31.04834939252005,391.5,16.95196635297516,83.11269837220806,0.2122929715765212,392.0,0.8439241844116848,163.1,242.0,16614236.0,6.504685779391774,49.0,1.9818978542800405,251.0,25.59415347771762,203.7091836734694,204.0,126.0,125.0,20.29531790668477,205.87193859785947,-0.1947095452414186,16614236.0,0.0123125780924614,885.8235891295294,7614.558816396384,20991357.093896758,-48034.43394010762,3285.431276996866,225.79473884698015,0.8701406441822577,11.785510039909925,4.778863806974364,75.00376282921793,0.166660658517719,0.0919264957745119,0.98676704684752,0.9195519478671909,-0.5690877196822708,0.999674385038224,0.0970647164327242,82.75846171475037,0.0017818996837274,9.240219788344398,0.8946117693428586,0.0051863154635539,165.51692342950076,7.1568414791051405,877.8065039609608,4.165217391304348,0.0120730938878386,912.3600924175594,7128.197101449276,1.443478260869565,10992.15652173913,0.0033662159439161,0.0032371121209433,271.5275362318841,0.7870363369040118,0.9084541062801932,6313.083252818034,0.0032080197698666,6.8231965603336375,0.8801020408163265,0.1524553665196387
55dfb11244b9a73d5ec8131783f5b7f7_R_CC.nii.gz,0.3072401358814066,66.41599263095682,66.48308055437865,1011.5,20.405658600633675,163.15432893255098,0.1612993859936243,1012.0,0.6910178631783022,115.0,242.0,38075965.0,6.512083557852652,83.0,2.548325571321451,252.0,42.16336569857364,187.37450592885372,199.0,52.0,200.0,32.24926620476922,193.9702846929744,-0.7189840066091684,38075965.0,0.0136152728522551,2515.265871791467,8838.364036694551,39569535.90382458,-186022.4797815954,3850.644476271048,81.34646380677698,0.9583403185412732,6.591997743287439,4.115040515138443,35.24283634267741,0.2526061790221928,0.1642525989254949,0.9951425519331408,0.9528866786021196,-0.4647143774070209,0.9987104182163556,0.1702826466480396,88.85776167523741,0.0013659429387352,9.926741856100968,0.9645696323329728,0.0067976432691233,177.71552335047485,7.415920733599936,982.9977350194554,9.923076923076923,0.0123115098301202,1017.29856257966,8069.755583126551,2.0148883374689825,19779.668734491315,0.0028218749622899,0.002366467970264,555.6600496277915,0.6894045280741831,0.856546291490128,6624.123145507687,0.0022812500221144,7.245834220552241,0.7964426877470355,0.4383993497897284
66a1867c10dc043ac2d6fdb76bef9115_L_CC.nii.gz,0.6577459448373211,22.424630145408575,22.80350850198276,255.5,14.749709542619236,63.69848480983495,0.2493091381989626,256.0,0.8895518809176396,174.0,233.0,11080292.0,6.132859463953352,33.0,2.638054002515561,242.0,18.515625,206.8125,210.0,146.0,96.0,13.8094365971475,208.0442035361716,-0.6061898494424302,11080292.0,0.0164794921875,510.98046875,7745.019522587737,21263621.3085315,-84769.26810453694,2890.515527827574,387.15515979496826,0.7594169676961947,14.617270168181747,5.048156303187474,164.10466586094475,0.1523806350946289,0.0822437384526352,0.9785252643192042,0.9043086654774302,-0.5754298825646007,0.9995304179412962,0.0818830103903666,84.37277556111738,0.0026543578460998,8.636843489738583,0.8917163911277634,0.0064176538044092,168.7455511222348,6.909285230802701,819.4176719056354,3.5964912280701755,0.0157740843336411,899.5413011695905,7393.214912280701,1.4035087719298245,11216.390350877193,0.0055950152591586,0.0054023161380775,184.35087719298247,0.8085564789165898,0.918615984405458,6671.743664717349,0.0053559632202559,6.43109025161136,0.890625,0.1428131732840873
99f8ee0074c65cc7c5b115e182cc9504_R_CC.nii.gz,0.5192034080423614,186.1048661313493,204.02205763103169,13738.5,96.626280748664,695.1269837220832,0.0505970072221918,13743.0,0.5977374184615661,112.0,209.0,388453938.0,6.564546030686201,57.0,2.3211788478726865,250.0,30.546004411742384,164.07698464672924,167.0,65.0,185.0,23.077228345444077,168.12372004983902,-0.2594472247786289,388453938.0,0.0123355556496943,1344.328352633614,5463.455213007232,13824887.110344855,-31069.065908925422,2441.0124546887946,49.02018037850406,0.9605245413701162,4.847335026928239,3.768847637890332,24.581438127406624,0.3117521659738586,0.2221396275186271,0.9970696898109817,0.9647988171574384,-0.3287610203052349,0.992220128284329,0.2115773368633263,69.75265003963888,0.0008083160210966,10.93414156163071,0.9626933383742424,0.0040193064063414,139.50530007927776,7.5936180971181955,622.5081587668271,106.26605115143798,0.0112773056512191,656.5767979790373,5259.500159184973,3.285896211397644,18699.898864480525,0.0019667005200036,0.0010118218844516,5457.266794014645,0.5791432446157959,0.7896378682318081,4072.77340855686,0.0009093321222795,7.815204553425355,0.6856581532416502,1.158811868904561
112accee625e15fe60e48dd52afdbbcb_L_CC.nii.gz,0.6174427726475028,70.647979627021,75.92759709091287,1898.0,43.621084422852135,254.4507934888331,0.1340625887717771,1898.0,0.6069448441218246,109.0,196.0,48310818.0,6.377831149702104,40.75,2.799595283654473,239.0,25.57529249912003,156.2507903055848,159.0,61.0,178.0,17.91177819499149,159.5416544833331,-0.3663169902936786,48310818.0,0.014927809318444,1039.2300441594002,5395.449814343638,11330390.595800731,-36857.57779043481,1958.355387181824,104.41194638494018,0.8986885602494248,7.709183905042398,4.355538277655292,42.207478724615726,0.225466062627697,0.1385834911678435,0.9937835967060068,0.9453602746774652,-0.3361972831553551,0.9925177884743852,0.1324604051176496,70.22763790217013,0.0008815317107151,10.562566200545088,0.906062733539038,0.0043611079858719,140.45527580433995,7.345558345398497,515.6918333916913,21.253576072821847,0.0138189701383757,541.092531042798,5228.177503250975,1.9622886866059817,10664.923927178152,0.0036095570036421,0.0012077378913684,1098.2353706111833,0.7140672110605873,0.8699798568584508,4505.371279684188,0.0006492408637816,7.117059280880969,0.8103266596417281,0.4393593760833061
269a9c5817814c1b918ecacda31d427c_L_CC.nii.gz,0.5203564680647328,212.34080584214536,209.093280618962,17845.0,110.49291175403792,629.2447327281741,0.0352616829772022,17845.0,0.7525643118040384,146.0,226.0,673398876.0,6.389107880695251,41.0,3.0694398461427235,255.0,24.84412827026665,191.75556178201177,198.0,86.0,169.0,17.341225240193978,194.2575546389981,-0.7557846709112048,673398876.0,0.0150874773046848,965.802059988408,7095.809639852087,13719345.8448371,-73618.49730055763,2101.853798059866,35.37540896459158,0.9667615956949972,4.3864951448804215,3.602047554252166,15.150421211532072,0.3176268052536746,0.2270004094760336,0.9978659833886336,0.9677112989996391,-0.3265971841554058,0.9905849383785904,0.2154322375996496,81.11207199560288,0.00103885581019,10.65693658758065,0.9705560654567296,0.0050480632355424,162.22414399120618,7.420192672731542,534.3073017561135,164.3490183083423,0.0136151949555415,566.4459145812372,6876.353491839947,3.3428050700024854,24693.50144975561,0.0016834775363457,0.0004256611607872,6736.347030072074,0.5580603951679293,0.7756680452334264,5253.991727606903,0.0002825358507045,7.694895130032239,0.6764359764639956,1.157326236194225
387aa7aa83525008e52e109531fe35fe_L_CC.nii.gz,0.3389536949390222,67.09669224738431,66.12110101926616,1182.0,22.742671755437357,160.66904755831234,0.1359298202692997,1183.0,0.7585451765137187,104.0,156.0,21449310.0,6.219206184292322,30.0,2.671894114635347,178.0,16.85062762193915,133.11073541842774,138.0,69.0,109.0,12.379490505530931,134.6524595726984,-0.6057650834320778,21449310.0,0.0158507855367209,412.8169853425072,6450.094934076594,11046186.238921097,-59677.48679326568,2015.025743965605,111.83990216451004,0.894140379220447,8.0137287252921,4.369547126575841,44.14384918671825,0.2143204785568744,0.127403111813652,0.9933592436448933,0.9433481205585368,-0.361504339366313,0.9938879871838688,0.1274184650634021,77.29201178204106,0.0011093705500594,10.10895173405166,0.90830887746015,0.004095580634173,154.58402356408212,7.247015724875066,531.7164115325302,14.993877551020407,0.0152998750520616,592.124485630987,6186.8591836734695,1.7173469387755105,11137.961224489796,0.0017053709773302,0.0015506680673069,697.9408163265306,0.7121845064556435,0.8696340702947846,5287.044202380953,0.0015233680605454,6.902723735191684,0.8284023668639053,0.2601530612244898
387aa7aa83525008e52e109531fe35fe_R_CC.nii.gz,0.4806320954468094,75.98132529906862,74.43117626371358,2122.0,36.51906359331701,210.6101730552668,0.0992507884332077,2123.0,0.7753508669229152,135.0,237.0,84114747.0,6.354071704148405,59.0,2.3904581729617718,254.0,31.600017217168624,195.4926990108337,206.0,68.0,186.0,24.41847620335316,199.04949239806768,-0.6563384307996658,84114747.0,0.0146219466982196,1403.3050573879736,8496.047096264749,14952655.109140014,-85032.71049254267,2526.755143532975,74.58611996958038,0.94250870197248,6.067296998533414,4.0249138494136005,35.35609941331922,0.2713997539655259,0.1817624116208212,0.9955803977033056,0.9565761237510046,-0.3620291514036141,0.9942021737694192,0.1747470506812886,88.78613425634293,0.0010285554293196,10.36796391616122,0.9525538296674196,0.0043892665661203,177.57226851268578,7.314504888074872,650.3353158756388,22.29873417721519,0.0141131228969716,644.1359974363083,8372.103797468355,2.3981012658227847,20052.83037974684,0.0011533621688251,0.0008646216995421,977.032911392405,0.61837526037494,0.8148074249683465,6732.756917000345,0.0008309788936338,7.267289592672867,0.7442298634008478,0.5926498157346578
1450d8b315129d9207bcbb2131eb7d31_R_CC.nii.gz,0.4456864600021181,55.80248809404026,57.42821606144492,1073.5,24.870413377943148,144.2253967444164,0.1343506257516687,1074.0,0.8053120806489457,116.3,168.0,22276046.0,6.260062299628939,31.75,2.4384077591658397,200.0,16.75686360184347,142.61824953445063,143.0,85.0,115.0,12.622617214196616,144.0180453725284,-0.0721528785271342,22276046.0,0.0146964479538369,401.2322926528164,4747.68181819328,8184659.689151609,-6247.038550017587,1854.056542807327,71.72689381582977,0.925231893590141,6.452169452294629,4.084616686354595,27.91596864331174,0.2487632864087227,0.1603301002066444,0.9956945613448258,0.9535191859164028,-0.3923309934777054,0.995970730688532,0.1599169070951569,65.58957671934122,0.0011564093232926,10.020636914171911,0.9441188797992244,0.0045228545343776,131.1791534386822,7.248583670403171,481.445859155789,12.058263971462544,0.014338007100431,512.5935745481639,4612.551724137931,2.1070154577883478,10134.55766944114,0.0022100199488488,0.0018635878077975,561.870392390012,0.6680979695481711,0.844550770852226,3859.823939676368,0.0018096500903986,7.005034755718357,0.7830540037243948,0.4761558701562745
2486fafb68786b7f8ed662783ee25a49_L_CC.nii.gz,0.3499092912055331,91.03976398751684,91.26883367283708,2261.5,31.85565928839104,220.6101730552669,0.0975503749968016,2262.0,0.7641483729771513,137.0,220.0,72398980.0,6.313463451419508,45.0,3.0452728828133644,249.0,26.142979656196523,175.92749778956676,175.0,55.0,194.0,18.882609812177133,178.90394757523313,-0.2030023235265578,72398980.0,0.0151634547957606,1056.1379795037526,7006.674558229719,8672042.766836295,-11470.531597227044,1677.5707943424848,80.57240664485762,0.9077893531995568,6.636164582804496,4.1292713202448645,34.10051385898991,0.2453038073055973,0.1551334563386292,0.9952184062544964,0.9524776520409026,-0.3263380213832813,0.9908017109140748,0.1482438601925696,81.28546550380601,0.0008981514422169,10.509483106408622,0.924056709220376,0.0036051940120538,162.570931007612,7.256174054360427,439.5358002468348,25.23435722411832,0.0143540143481901,467.9922554588742,6742.019908987486,2.137656427758817,15296.670648464164,0.0011316920351599,0.0009257933242497,1165.6678043230943,0.6630647351098375,0.8415286323099586,5558.094701100766,0.0008966065570127,7.159769284895236,0.7771883289124668,0.4820867647458522
4152e212d727057984702e2dfbdee234_R_CC.nii.gz,0.6368376243123351,81.9786229488759,82.71033792700887,3314.0,52.207071483158806,255.33809511662488,0.0770483087255959,3315.0,0.7992185767769707,162.0,247.0,149274776.0,6.540291026770537,53.0,2.621639833167978,255.0,28.18995006472249,209.5499245852187,218.0,108.0,147.0,21.40833579401662,212.20296496720968,-0.6891301008186337,149274776.0,0.0130692564762301,1118.9274472039658,8895.136789220704,26627707.39427648,-126053.00219266824,3158.3601842171365,57.12194593796918,0.9643204091254626,5.47436447585574,3.93197389121191,26.00539812694556,0.2884906147823011,0.1995952303112982,0.9965786196899208,0.9603522151805548,-0.3704494465865838,0.9956144669764048,0.1821034518837753,90.1096752353532,0.0012717205151967,10.594708496998722,0.9676663597692762,0.0201709503700736,180.21935047070627,7.500215405883152,803.8705325387764,28.1957411957412,0.0115461675658235,850.7228928168734,8253.415642915643,5.617936117936118,74998.38533988534,0.0014398811208048,0.0009509834813502,1579.078624078624,0.6466333431935397,0.8316756629024507,6720.753987943738,0.0009064438791139,7.524640930916739,0.7366515837104073,3.775146544802564
39990d7da039240a5de01d68d3166d61_L_CC.nii.gz,0.3303618643035236,72.58653652907121,72.00694410957877,1343.5,23.979823531079784,184.46803743153583,0.137304084429874,1344.0,0.7043729024314139,122.0,202.70000000000005,38756051.0,6.406237381016013,37.0,3.080863280760332,239.0,23.84806149022109,167.06473214285714,172.5,78.0,161.0,15.996343104380744,169.81268347870278,-0.5787696522792078,38756051.0,0.0152385824121315,925.7227442734904,5776.161041417161,13301660.936612606,-52235.018087061406,2077.419840939099,102.83061781225518,0.9048483476633704,7.709777832187467,4.290702606557705,38.607602862697824,0.2261958908430454,0.1405994640411984,0.9938693647879354,0.945289999008013,-0.3856889781220541,0.995932415899864,0.136151651302452,72.67971478802406,0.0010655375215432,10.274998587129824,0.9143461854076104,0.0052659511582362,145.35942957604797,7.323586343835024,545.0626146878384,15.009216589861753,0.0138333793454947,615.840808681433,5519.454377880184,1.900460829493088,11244.617511520735,0.0032922305154658,0.0030565561839986,756.8359447004608,0.6975446494935122,0.8612164540163224,4650.390775092218,0.0030155281885161,7.160590903503239,0.8072916666666666,0.3660591645607254
55432d803774825408dadf24883cb347_L_CC.nii.gz,0.3481748986992849,53.86470241635249,51.35172830587107,778.5,18.754337307280657,129.59797974644678,0.16647139338015,779.0,0.7631958654127795,126.8,224.0,26320404.0,6.5688236559757005,53.0,2.445424732636053,242.0,29.263289724985626,180.36970474967907,183.0,83.0,159.0,21.80474867134569,183.81356017367904,-0.4563402024567448,26320404.0,0.0124332403380786,1254.194512236319,7172.63010002279,21309729.831092756,-77199.77558361687,2885.057075509344,140.91191677337002,0.90630450706683,9.068082363743883,4.514689703072107,53.93291219980693,0.1951283893899675,0.1103648180276991,0.9916682596555108,0.9365753654841288,-0.4662114481313569,0.9988088851904252,0.1150197271706852,80.53783411036255,0.0011296292851945,10.001487239536369,0.9236557794114688,0.0047648120861014,161.07566822072508,7.408397594200148,756.4922480706781,7.913107511045656,0.0116540611355606,822.3360221759019,6786.7702503681885,1.609720176730486,12535.62592047128,0.0022212874975791,0.0021161826444322,555.0883652430044,0.8175086380603894,0.9211450412270946,6144.7171982440495,0.0020986608079584,6.993859031967351,0.8716302952503209,0.2934793217956755
146078e6ec74effe3e2a62a47f2eddfc_R_CC.nii.gz,0.5195237061083652,59.711825912052895,58.54912467321779,1435.5,31.021709096327232,159.15432893255095,0.110870309252909,1436.0,0.8438943411589505,118.0,189.0,34129550.0,6.656665482778369,40.0,2.3183237468296247,215.0,21.86987414746937,151.8899721448468,151.0,86.0,129.0,16.248473398232054,154.1658071696787,0.0999318088312685,34129550.0,0.0111372118465871,696.5324621162158,4905.238494052743,15316875.065517968,15074.741177466143,2560.5803918596557,191.9407546678263,0.8603495737845616,10.774009573835627,4.786634249378732,72.33017545798609,0.1693286502889422,0.090092814351035,0.9887590213595496,0.9257520078863344,-0.3706129810154929,0.99632808610308,0.0990842408859828,65.67390838920755,0.0006224313751518,10.833145482478225,0.871432597608769,0.0025393671266536,131.34781677841454,7.53081703303964,688.1302866318708,14.11335403726708,0.0109575730103005,700.6285420122681,5036.360248447205,1.3835403726708075,6964.871118012423,0.001701913794026,0.0015065096986102,1057.420807453416,0.8209788877743914,0.92446838336784,4652.270024585921,0.0014657330332133,7.077643556547395,0.8969359331476323,0.140523127965742
a0d75cb5a7be01a0d63f5d9ec553443e_R_CC.nii.gz,0.245529368998592,79.18663029209729,79.22752047110903,993.5,19.44264336874344,197.29646455628207,0.1985872818885577,994.0,0.5663299957809458,78.0,161.0,15073528.0,6.652173591246405,49.0,2.136445075052479,185.0,26.26680809201284,119.12072434607646,119.0,43.0,142.0,20.13631836608733,123.14428565931615,-0.0740953808569942,15073528.0,0.0113315709144201,974.7681218093268,5598.999115302931,18069404.26014685,-20105.50341907964,2876.5443561835714,157.17178861699622,0.895860720548823,9.497283081207524,4.568503972281265,59.90590078430471,0.1973232941492096,0.115710199551865,0.9907502628651502,0.934002222908681,-0.4416703263290683,0.99850060395271,0.1160196126531941,70.13595886934417,0.0008930355286431,10.333289735597871,0.909743827704535,0.0041593254210225,140.2719177386885,7.520250002809934,758.4290362001408,9.01187648456057,0.0107029411930648,792.3372244570951,5601.973871733967,1.67458432304038,9280.4216152019,0.0026701944652057,0.0022820901854578,648.6983372921616,0.7704255787317833,0.8984478094484033,5061.544644035366,0.0022142214265878,7.174034982538064,0.8470824949698189,0.2809507958090961
a0da8d047c71765cdf217a8a52606741_L_CC.nii.gz,0.555340994444061,66.34170834585207,64.38167441127949,1833.5,36.84227028590335,188.1248916810282,0.1026042496215043,1834.0,0.8068617471066822,91.0,204.0,44817371.0,6.622396927580748,70.0,2.035829368684319,241.0,36.13717565576432,150.46728462377317,155.0,46.0,195.0,28.48700666288121,156.32323103974173,-0.1619174496231646,44817371.0,0.0115520597843472,1796.548820652904,5609.864721334877,17670937.6438269,-30202.83388545801,2950.800994390427,91.51465173227255,0.9397826105033552,7.236563249157252,4.258362129723228,36.88719623676949,0.23234492639374,0.1446643683213259,0.9945453029650628,0.9483933006035729,-0.3771659379863188,0.9963408746558416,0.1422391705109298,69.96424651027522,0.000730042694045,10.726087795210354,0.944961666975494,0.003112579231615,139.92849302055026,7.5927879957443825,760.5789115306768,16.21142080217539,0.0110206803549798,771.6020631830156,5467.62474507138,1.9333786539768865,11009.061182868796,0.0018491221088235,0.0014145415134959,1017.2909585316112,0.6915642138216255,0.857833862074175,4650.85863528212,0.0013459592005712,7.3755593837456,0.802071973827699,0.3789409665497604
a384c133416b47e3a4eb4df1f519748a_R_CC.nii.gz,0.5207612402718048,100.46477503080482,99.29753269845128,4075.5,52.31816084866977,273.62236636408693,0.0671383551377958,4076.0,0.8270728911849391,122.0,234.0,142503761.0,6.681623776552093,65.0,2.3676770783877297,255.0,35.22234848959081,182.1116290480864,189.0,71.0,184.0,26.01558977001868,186.98039615851627,-0.3896931310462546,142503761.0,0.0112992976431125,1797.0231130478708,6990.226742657196,26129514.62667241,-73530.63566646242,3335.3130017464523,37.335986558636,0.9778131621002976,4.498726573231786,3.647825290361195,16.27251260571732,0.3145543044479821,0.2232571519541393,0.9977474487196668,0.9669405121505288,-0.4009505980362825,0.997352659955716,0.204779257847974,78.52196013811015,0.0009475213520509,10.65020124038241,0.980453145939898,0.0106237327856124,157.0439202762205,7.691531204667412,843.1622470762709,29.57153101470061,0.0106029153871282,858.835762994019,6687.876299749014,3.908927931158121,36793.32520616709,0.0025856664062075,0.0015608807958159,1571.8741484403013,0.5635977584941919,0.7795002389807799,5148.407857350766,0.0014293352623609,7.842427774753533,0.6842492639842983,1.7730751128652864
a8432d0a79bd841ef36623194d839d7d_L_CC.nii.gz,0.4877471763859823,94.5388959039144,98.71676655968832,3405.5,46.111079535782565,248.55129855222137,0.0729852587144975,3406.0,0.8322989330065127,91.0,210.5,89218176.0,6.627964120303015,62.75,2.47240004928444,238.0,35.926640459359994,155.87433940105697,160.0,37.0,201.0,26.487829972225576,161.8468861688006,-0.4590484211283441,89218176.0,0.0116296791024371,1897.604878820802,6688.871782003434,19583183.882982604,-66989.26896670001,2821.852189390541,56.02195879109959,0.9608662736025816,5.563005977081718,3.913907461720729,23.68584144678988,0.272379133203791,0.1805711073603013,0.9966373836968174,0.9596177662046012,-0.3632917079292938,0.9953605074409444,0.1766173812332167,77.44235503154587,0.0007694524807612,10.784704930865349,0.965800619312828,0.0034656540560074,154.88471006309177,7.6099567509217,719.4685370454088,27.6364347146208,0.0108039228751449,805.9811871997339,6383.5250195465205,2.413604378420641,16539.775996872555,0.0019971159603638,0.0015846515101235,1629.3752931978108,0.6369723585605203,0.8259803810724478,5159.664983597655,0.0015302062209238,7.601893802687583,0.7510275983558427,0.6406881842428451
abcfe29c06bed0b1270a19d2813b9a10_L_CC.nii.gz,0.3466114018140077,89.51322060931899,87.93179174792243,2069.5,31.02630287628258,232.752308678998,0.1124678949886436,2071.0,0.6928570652159738,97.0,244.0,65432956.0,6.761662630559347,91.0,1.9037702203327036,255.0,45.69855032861658,169.5219700627716,169.0,54.0,201.0,36.4344923994414,177.74943165559492,-0.0560318068931887,65432956.0,0.010366653058341,2857.162119923777,6766.550321807176,38062594.7767743,-22116.019565613708,4484.368341840754,81.97635329357954,0.9641468743033932,6.581049395194127,4.144103691284515,35.923582040457184,0.2638711103776565,0.1769167275345764,0.9951147417287228,0.9529946360488504,-0.416994901886143,0.9980567728151126,0.1564414386517188,75.27203848447967,0.0011047573013902,10.67946814074717,0.9672610437649448,0.0186235190880788,150.54407696895922,7.755112355533594,1141.5861737835828,15.220812182741115,0.0096578757504702,1044.880734816666,6117.104060913705,4.279822335025381,50464.81852791878,0.0049182275416707,0.0016800915464421,1052.6763959390862,0.6679418755958669,0.8443966629457966,5067.263984311935,0.0010760304394969,7.580247726780916,0.760985031385804,2.552999545852765
b97d038694c1a91de191bae204dd1f2d_R_CC.nii.gz,0.5593738271933059,78.04877936562661,79.40403012442127,2564.0,43.65844442151647,247.96551211459453,0.0967104181414175,2564.0,0.7238901389184655,161.0,247.0,111797333.0,6.196832328936596,43.0,4.92904421033266,255.0,28.23140672116745,205.3701248049922,212.0,58.0,197.0,18.193790899870432,208.81260493121368,-1.2995118421583154,111797333.0,0.0174649107649173,1425.815815741054,9949.782109070668,26896299.25485177,-148648.26878308604,2280.791344292228,65.78938618086407,0.9439637043081336,5.9684601529675865,4.0397050306920965,28.466590124831114,0.2837964039871235,0.1973712662042411,0.9960571207265666,0.9569641468658372,-0.3432814610314758,0.9920333789198325,0.1580904125154384,96.9330720317362,0.0023523711759194,10.217077677200445,0.9613288977610592,0.0367649657394278,193.86614406347232,7.157377106593342,586.6451826182728,29.429025423728813,0.0155874075337546,594.4729558675668,9329.197033898305,10.14406779661017,152082.6435381356,0.0034408813507085,0.0009450923592261,1256.4756355932204,0.6655061629201379,0.8428030326182683,7783.740643998999,0.0004743867054754,7.131052585142155,0.7363494539781591,8.299765692329789
b7357809d8e2bb3ad964b4c2c53e6c7e_L_CC.nii.gz,0.3729374216498691,38.84746411991718,37.12142238654117,419.5,14.487673106517716,96.18376618407362,0.2292819217737154,420.0,0.7548647338045277,108.9,196.0,10738400.0,6.439534537983612,43.5,2.6382256599830094,217.0,25.91061224489796,156.67142857142858,161.0,68.0,149.0,18.45036938482546,159.8987775050799,-0.4401610912037467,10738400.0,0.0136961451247165,1021.6825170068024,6772.252132753779,18137437.80950989,-55467.78202843772,2621.546747404965,172.10326608107624,0.8759090700252743,10.18647676066752,4.600722574146398,61.03199618153228,0.1803022883984959,0.1002087918107711,0.9898735693230468,0.9293911403528752,-0.5449320744209345,0.999526919657419,0.1015059781980579,78.48313093638079,0.0017083486052559,9.305281999822148,0.910224574181048,0.0058248184879477,156.9662618727615,7.195984550962573,698.4125033715105,4.852459016393443,0.0132580847442443,735.7349652124577,6664.314207650274,1.5081967213114753,10048.991803278688,0.0116112648438221,0.0031290071244146,285.5792349726776,0.78027113380513,0.9049362477231332,6083.471778992107,0.0010143678457837,6.804125540020422,0.8714285714285714,0.1913464122547702
ba17277e8fa722e9405d0d3d0c1ac174_L_CC.nii.gz,0.3326851419869308,25.877294776757115,25.179356624028344,170.5,8.608991487043102,60.62741699796949,0.3555860234485014,171.0,0.7634806910995022,83.0,148.0,2348762.0,6.057370298795607,39.5,2.458197800297588,177.0,21.00995178003489,114.3859649122807,114.0,53.0,124.0,15.45282114124354,117.19833741311206,0.1364244721183515,2348762.0,0.0168598885127047,651.3013234841492,5064.934170758284,11814645.45360464,17551.286605683752,2220.6299103878987,350.9126861237178,0.7237376173290848,14.802590335461913,4.858542734546376,108.11159617093828,0.1431972946005964,0.0743359044537155,0.97980620082967,0.9018155343735776,-0.6583193520731113,0.9998177536282304,0.0641039108121483,67.79218190724677,0.0038665671931295,8.069062822389107,0.936251457710577,0.0082903085085213,135.5843638144936,6.46243700029863,642.8856491279042,2.509933774834437,0.016622077979036,715.8686022542872,4735.092715231788,1.423841059602649,6968.834437086092,0.0075182857861712,0.0073729949139639,118.86754966887418,0.7872023156879084,0.9087564385577632,4294.699963208242,0.0073386020056054,6.305332865221864,0.8830409356725146,0.1413973071356519
bac0233f881d0c619ee06c6ea6b68a4c_R_CC.nii.gz,0.38259827244683,122.343557888603,122.40914998479484,4393.0,46.80843389317825,385.362481734265,0.0877219398439028,4393.0,0.6096998714743416,69.0,234.0,130086913.0,6.828913767414107,95.0,2.1769132715926958,255.0,50.72547208327467,161.2467562030503,170.0,20.0,235.0,38.82068896511097,172.08230009480494,-0.4191344656325088,130086913.0,0.0095140806393301,3611.801619912564,7157.960952509073,36906606.97101248,-119386.47629895405,4048.057683586715,130.36160927880658,0.9374259006523006,8.16587747463749,4.410836664198068,56.992468376625055,0.2373136692009541,0.1551720128582732,0.9923321756715568,0.943001546321232,-0.3282230737317418,0.99268396204915,0.1533541520798445,78.60321062884114,0.0005425606632659,11.382829631838543,0.941101692648123,0.0064492202939815,157.2064212576832,7.802577412319879,1044.604823216382,33.02189570728896,0.0095136547701783,991.0842420646156,6784.131662345146,2.276289253817344,19116.18150388937,0.0079099621452251,0.0015281223210059,2425.5571881302217,0.6988064500519222,0.8614185329398889,5743.561496738662,0.001000103612218,7.592114337668345,0.7901206464830413,0.6744712185361676
bb639e3af9d507ccb4a584be23bb9349_L_CC.nii.gz,0.4906946616755125,38.80304653901174,38.3275357934736,576.5,19.040447793439533,103.01219330881985,0.1786855044385426,577.0,0.8262585255338509,174.0,244.0,25946600.0,6.465401922215927,39.0,2.2835580391500034,255.0,21.046757717110854,210.53379549393412,213.0,144.0,111.0,15.971920885382424,212.0568577493881,-0.3254433329059402,25946600.0,0.0126243132920232,643.6318734625099,7045.259644158316,21317677.11294286,-57820.86481666764,2997.089782827433,188.51333708496097,0.8810489286791745,10.46956142666133,4.725141114037696,73.82799732760806,0.1893660442849826,0.1110830671757045,0.9889531792583338,0.9279455813753962,-0.492898833731342,0.9990953582757224,0.1037850932075338,79.64136930152098,0.0013777586264541,9.670935456898857,0.9342183974204104,0.0055457938392514,159.28273860304185,7.351487374344606,796.4007799780976,5.989733059548255,0.0122992465288465,841.8723947902129,6495.862422997947,1.6858316221765914,12917.632443531827,0.0029587449839903,0.0028206315120978,361.42299794661193,0.7421416795618314,0.8855478378894337,5579.090329857473,0.0027932010672755,6.946091340515132,0.8440207972270364,0.2820689044520995
bb639e3af9d507ccb4a584be23bb9349_R_CC.nii.gz,0.3799125918633725,120.7456294019397,119.07980517283356,4318.5,45.87278502226516,305.7228714274752,0.0707937643689881,4319.0,0.7619798099082035,147.0,223.0,165337164.0,6.013629841820517,33.0,4.654928361457667,252.0,23.091776827203905,193.2641815235008,201.0,55.0,197.0,14.809826069393168,195.6562114807329,-1.2455457994006862,165337164.0,0.0206235621867354,930.3092310446134,8603.595538106016,10367656.63446728,-72515.50807458753,1476.331674886901,39.23795112391436,0.9481949015249276,4.776037577359835,3.6914596785729663,15.402939865602796,0.2929965375107223,0.1997807672792906,0.9976278836124776,0.9648924427598876,-0.3059952944526334,0.9854551060609372,0.1938768182135904,90.79821561595354,0.0013598191329037,10.148637623046511,0.9749559128454094,0.0050399081097045,181.59643123190696,7.003870443278416,378.8924065027039,59.44073241246386,0.019094356701723,404.07734432633777,8426.953742370704,2.6286540314808864,23046.75746867973,0.0009143315106916,0.0006221479423014,1852.595245743656,0.5951157230143449,0.8001225131311998,6671.3585868893015,0.0005822358452007,7.132976792232075,0.7207686964575133,0.7037540570825701
d2df932837bbafb9d7bd1bca86df397a_L_CC.nii.gz,0.184147589932741,155.06331873744472,134.3726162579266,1211.0,28.554536432472897,188.85281374238608,0.1559478230738117,1212.0,0.6532110814679216,115.0,245.0,51559065.0,6.171527409572428,53.0,4.194853012391837,255.0,40.01933906261913,199.63448844884488,219.0,31.0,224.0,25.474988889961296,206.25344281554996,-1.4287388822920049,51559065.0,0.0188693374287923,2686.5536950353458,10543.560051364737,47846704.7805435,-284554.9941790738,3219.8056437063988,49.60296471063258,0.969411849505064,4.963199608272602,3.792987120534079,23.718382925369887,0.3194279859541528,0.2354485503883029,0.9970183300896404,0.9639545928408968,-0.4368831587123732,0.9973104321580708,0.2221258375057984,98.74603481260668,0.002158453263619,9.498630236859665,0.9897411421511914,0.0101722450791772,197.49206962521325,6.990021362816103,817.3521521042572,13.623030303030305,0.016512764003673,875.8344110192837,9547.84606060606,3.803636363636364,46009.624242424245,0.0029395891431175,0.0020234517151146,504.5830303030303,0.6116157943067034,0.8096076582148011,7533.178735301999,0.0018783251427586,7.164269774968513,0.6806930693069307,1.64540826446281
e0d2978ba3e8b01349861aaeabaa98f9_L_CC.nii.gz,0.3453389806968622,71.54192238872129,69.87131027825369,1379.5,24.706214554815038,169.39696961967027,0.1227959185354623,1380.0,0.7772489563114197,147.0,247.0,56736623.0,6.662882438691625,57.0,2.212640099388367,255.0,31.16680634320521,199.37028985507249,204.0,107.0,148.0,23.794336498660822,202.76462937982117,-0.3676950819428699,56736623.0,0.0120510396975425,1364.9824506406217,7637.165310567043,31605586.618191607,-89915.65163628808,3742.5241612049376,153.52848164989138,0.9205909689237142,9.196472893118688,4.57579697852453,62.45595088372617,0.2212551502122709,0.1426995218305331,0.9909750511888218,0.9361432031764466,-0.4214772241894919,0.9979971697207004,0.1198240182675207,82.09517954177217,0.001539286515041,10.459927823439225,0.9270361087136738,0.0270670571960025,164.19035908354445,7.598832425862096,974.0131607137064,11.706726457399103,0.0104993062398198,958.7194240785057,7018.539013452915,3.219730941704036,37407.69237668161,0.0022911204257358,0.0017565275343603,832.8995515695067,0.7469951135152527,0.8871910976046646,6160.046840514069,0.0016946392246041,7.283913944030374,0.8079710144927537,1.687908463874198
e1b3a40c60b61bc218029c3554db7467_R_CC.nii.gz,0.5303338823518864,232.55057812778725,235.77955806218657,22104.5,123.32945094168508,685.1686142824259,0.0309967931544448,22105.0,0.7692151317644065,137.0,207.0,708121033.0,6.132454935630088,35.0,3.018206341232897,255.0,21.12596979285136,177.00488577244968,180.0,76.0,179.0,14.918060611698186,178.98164177700346,-0.3647883025152966,708121033.0,0.0178169468465495,703.6985058736292,5666.210175177613,5677960.171887822,-19268.393910721963,1377.3917768755134,28.96407729988508,0.9587793027890076,3.693568400033242,3.4021192446187216,14.856699217272528,0.3574426094173359,0.2694909186951133,0.9982626529271106,0.9727467929928264,-0.3353517251723801,0.9906263424616796,0.252421155904994,73.00068808995356,0.0014751761646798,10.182439982485493,0.9639632882320538,0.0059121384095715,146.0013761799071,7.182453705941235,351.58896354385007,215.26223263990624,0.0157678166305234,371.064319810442,5605.245531790214,4.608628772341049,27345.51955757398,0.0012307631199513,0.0003511112724989,7004.217843539408,0.5130543395502057,0.7443894055664189,4161.780889855315,0.0002852333889484,7.649646098256682,0.6175978285455779,1.9868956596728744
e550b46eb0ee01ace4eedb439b3a0228_L_CC.nii.gz,0.5145840395469762,59.152249397409975,61.66036003787198,1383.5,30.438803443209416,161.3969696196703,0.1166584529235058,1384.0,0.8169568857202762,98.0,161.0,24205254.0,6.40063309755723,29.0,2.644625246700372,183.0,17.64481982358248,130.33670520231215,132.0,69.0,114.0,12.514320360684389,132.24728872730262,-0.2119614200468586,24205254.0,0.0141031691670286,501.68865272812326,5567.776304297919,14777833.78969104,-23901.316528683263,2347.6723929688787,57.36069652093039,0.9521029975725492,5.669042383927037,3.951452842842664,23.932965808386868,0.2743389980324746,0.1848619046261065,0.9965495556964084,0.9588742977885224,-0.4115713703128027,0.9972057377953214,0.1785616983782799,70.67598217531176,0.0011622923128069,10.11548146198784,0.9566953706515138,0.0050831355446596,141.35196435062346,7.410740021804965,601.2582723724518,14.028292682926828,0.0136861392028554,639.8753941701367,5258.304390243902,2.4604878048780487,13989.105365853658,0.0025161383307172,0.0017111599543418,635.0975609756098,0.6196073765615705,0.8153373750222763,4173.603344789804,0.0015594033564347,7.277004898649029,0.740606936416185,0.6373292088042831
e315902ce49832b4714312a985617af2_L_CC.nii.gz,0.2829887785175204,69.60525011672881,71.06335201775947,1032.5,19.697504708939583,173.39696961967033,0.1679389536267993,1033.0,0.6569139113409529,91.0,212.80000000000007,23954582.0,6.512881699941583,63.0,2.5203653420264347,246.0,35.5381753536959,145.8276863504356,142.0,44.0,202.0,25.394392942213862,152.2804451618881,0.3735484201215271,23954582.0,0.0126409324807958,1923.619872381779,5021.463188714254,22311417.47124179,63641.46073497335,2980.4650921691955,107.60099847794172,0.9303072972049836,8.019594503884418,4.300226632360783,37.29386907970906,0.2175556232404694,0.1311776131462108,0.9935689214160384,0.9431455450434276,-0.4368599382815373,0.9981285684844644,0.1208921577496568,65.59905344121505,0.0010571673231827,10.157503678621453,0.9388905076163993,0.0045993366473677,131.19810688243007,7.485450451539328,772.016522661784,10.496420047732697,0.0125255609161488,710.4881622342092,4857.817422434368,1.931980906921241,11318.329355608592,0.0060549872884319,0.0020519125906754,589.0071599045347,0.7028725058526666,0.8642826014538968,4192.97201441076,0.0010873847555018,7.158857015228062,0.8112294288480155,0.4124392661240252
ecf23dfece05e009f4bbdd8fc386efde_R_CC.nii.gz,0.3432337464656715,108.42084213716905,102.39628899525609,2998.5,37.21369184170368,288.450793488833,0.0961983636781167,3000.0,0.6729537547490662,103.0,201.0,79229212.0,6.477702105452412,57.0,2.491463609937283,245.0,31.37482222222222,158.03333333333333,165.0,50.0,195.0,23.175371527942417,162.51072990216164,-0.3636272885117833,79229212.0,0.0137806666666666,1435.2028888888888,5811.039238208016,13046836.18512912,-38675.68059200616,2286.7105717990107,50.4108936038136,0.9566603628556,5.239821913661342,3.8290938834512698,21.553823851955805,0.2843482504439926,0.1926294389429089,0.9969722041802156,0.9618435307572524,-0.3676646213757746,0.9950588915618668,0.187747735465018,72.47006437382805,0.0009882674861599,10.518305669859233,0.9611031209074408,0.0048297477559928,144.94012874765585,7.463209700202261,584.2803663507069,27.664243525670148,0.0125689429921263,639.233470557041,5538.152203543844,2.640617900954112,15753.471149477513,0.0019963919100503,0.0015014612082695,1366.2321671967288,0.6207324703301812,0.8160522341138933,4408.38853289262,0.0014324436548535,7.47797151981964,0.7336666666666667,0.7828030751376693
ef56ed33aa6eb0b72bf6217ee9bca9d8_L_CC.nii.gz,0.353019900151801,63.69512849648786,62.80127387243033,1114.5,22.485647901986283,154.08326112068542,0.1382532625578155,1115.0,0.7680500236139044,135.4,248.0,44572577.0,6.3629900703916125,55.5,2.909109882781076,255.0,33.21585392829134,195.63497757847531,201.0,63.0,192.0,23.67664742906554,199.9385039985193,-0.646174221270546,44572577.0,0.0151951577550322,1702.3609290353716,8848.983521399394,21515470.63058391,-90287.31201561666,2718.282451061585,106.318925794018,0.924142382219921,7.325915316047771,4.254941267630675,47.78972853132886,0.2590966130141846,0.1765290305811323,0.9937219426574904,0.9483636481029424,-0.4339759114712388,0.9976717731047008,0.1530990380754575,90.53079859585884,0.0021533742659937,9.8880186538505,0.9339680988821056,0.0275431032210392,181.06159719171765,7.306954058351331,706.1503442139003,11.311688311688313,0.0133550039099035,708.5131967956912,8070.436835891382,5.207792207792208,70322.88193624557,0.0021154625624949,0.0017100871837465,582.7969303423849,0.688071936649805,0.8556569102547231,6778.690657697567,0.0016772950238115,7.129547340040326,0.7596412556053812,3.474854650554983
f2b2d7d20e97526e1ce2e9b674d19640_L_CC.nii.gz,0.4333434569549712,103.55631887977292,101.92153844992724,3552.5,44.87545321289215,262.40916292849033,0.0738660557152682,3553.0,0.8051800011171376,136.0,199.0,100363021.0,6.008494126880712,36.0,3.8625980416994254,249.0,20.755204550385702,165.91471995496764,167.0,51.0,198.0,14.325511752966303,168.0696357965358,-0.4560548674952208,100363021.0,0.0194949876063555,719.7081790448509,5949.202834459036,4246941.913938584,-13068.317071965896,1081.4573551661554,42.50923169601466,0.9237687469134536,4.743970985782704,3.701803335962557,18.870524877248,0.3018814928247021,0.2096662565477012,0.9974431162758476,0.9652911546583288,-0.3192560200321236,0.9873327184373568,0.2032161810790347,75.42832302798931,0.0014194645391029,10.03391151201498,0.9316789401492755,0.0054892393499008,150.85664605597864,6.982386184827777,280.99164671554263,44.01184834123223,0.0173822465802654,338.7827404795241,5815.718009478673,2.816350710900474,16990.02251184834,0.0010423482546148,0.0006968122114232,1525.5971563981043,0.6025265230640222,0.8046168413570985,4636.234547432819,0.0006577873814943,7.182730099013536,0.7126372079932451,0.8472722922266397
